Date,GOOGL
2008-01-02,17.065309524536133
2008-01-03,17.068796157836914
2008-01-04,16.363208770751953
2008-01-07,16.170190811157227
2008-01-08,15.732590675354004
2008-01-09,16.268566131591797
2008-01-10,16.107425689697266
2008-01-11,15.896224021911621
2008-01-14,16.284008026123047
2008-01-15,15.881278991699219
2008-01-16,15.3408203125
2008-01-17,14.96324634552002
2008-01-18,14.949795722961426
2008-01-22,14.553791999816895
2008-01-23,13.663901329040527
2008-01-24,14.308219909667969
2008-01-25,14.106730461120605
2008-01-28,13.847208976745605
2008-01-29,13.711224555969238
2008-01-30,13.655186653137207
2008-01-31,14.054428100585938
2008-02-01,12.848978996276855
2008-02-04,12.339154243469238
2008-02-05,12.622336387634277
2008-02-06,12.495564460754395
2008-02-07,12.576258659362793
2008-02-08,12.86865520477295
2008-02-11,12.979984283447266
2008-02-12,12.903523445129395
2008-02-13,13.315218925476074
2008-02-14,13.256192207336426
2008-02-15,13.191187858581543
2008-02-19,12.675884246826172
2008-02-20,12.677128791809082
2008-02-21,12.524206161499023
2008-02-22,12.647242546081543
2008-02-25,12.115249633789062
2008-02-26,11.561092376708984
2008-02-27,11.777027130126953
2008-02-28,11.84004020690918
2008-02-29,11.735185623168945
2008-03-03,11.38251781463623
2008-03-04,11.073185920715332
2008-03-05,11.150394439697266
2008-03-06,10.77680492401123
2008-03-07,10.792994499206543
2008-03-10,10.301599502563477
2008-03-11,10.954632759094238
2008-03-12,10.963101387023926
2008-03-13,11.033584594726562
2008-03-14,10.906813621520996
2008-03-17,10.45726203918457
2008-03-18,10.937698364257812
2008-03-19,10.759371757507324
2008-03-20,10.797975540161133
2008-03-24,11.470685958862305
2008-03-25,11.227105140686035
2008-03-26,11.411657333374023
2008-03-27,11.060235023498535
2008-03-28,10.910799026489258
2008-03-31,10.97032356262207
2008-04-01,11.598949432373047
2008-04-02,11.598701477050781
2008-04-03,11.335195541381836
2008-04-04,11.73294448852539
2008-04-07,11.875654220581055
2008-04-08,11.651251792907715
2008-04-09,11.561092376708984
2008-04-10,11.682883262634277
2008-04-11,11.393226623535156
2008-04-14,11.249021530151367
2008-04-15,11.128975868225098
2008-04-16,11.332955360412598
2008-04-17,11.196222305297852
2008-04-18,13.434518814086914
2008-04-21,13.394171714782715
2008-04-22,13.822803497314453
2008-04-23,13.610852241516113
2008-04-24,13.524927139282227
2008-04-25,13.550331115722656
2008-04-28,13.75107479095459
2008-04-29,13.90922737121582
2008-04-30,14.303238868713379
2008-05-01,14.771221160888672
2008-05-02,14.477580070495605
2008-05-05,14.816549301147461
2008-05-06,14.603854179382324
2008-05-07,14.420544624328613
2008-05-08,14.520418167114258
2008-05-09,14.276091575622559
2008-05-12,14.568485260009766
2008-05-13,14.520170211791992
2008-05-14,14.353300094604492
2008-05-15,14.470357894897461
2008-05-16,14.447195053100586
2008-05-19,14.383683204650879
2008-05-20,14.410582542419434
2008-05-21,13.698023796081543
2008-05-22,13.684823036193848
2008-05-23,13.564278602600098
2008-05-27,13.969748497009277
2008-05-28,14.152556419372559
2008-05-29,14.520170211791992
2008-05-30,14.589906692504883
2008-06-02,14.320921897888184
2008-06-03,14.129146575927734
2008-06-04,14.251683235168457
2008-06-05,14.6023588180542
2008-06-06,14.121673583984375
2008-06-09,13.894283294677734
2008-06-10,13.802130699157715
2008-06-11,13.57872486114502
2008-06-12,13.771746635437012
2008-06-13,14.233999252319336
2008-06-16,14.266378402709961
2008-06-17,14.182942390441895
2008-06-18,14.006609916687012
2008-06-19,13.952314376831055
2008-06-20,13.609358787536621
2008-06-23,13.578973770141602
2008-06-24,13.50649642944336
2008-06-25,13.72317886352539
2008-06-26,13.170764923095703
2008-06-27,13.152085304260254
2008-06-30,13.110990524291992
2008-07-01,13.31795883178711
2008-07-02,13.126432418823242
2008-07-03,13.374495506286621
2008-07-07,13.546594619750977
2008-07-08,13.811097145080566
2008-07-09,13.487817764282227
2008-07-10,13.463408470153809
2008-07-11,13.29479694366455
2008-07-14,12.991442680358887
2008-07-15,12.853713035583496
2008-07-16,13.339627265930176
2008-07-17,13.2858304977417
2008-07-18,11.987732887268066
2008-07-21,11.675909996032715
2008-07-22,11.882878303527832
2008-07-23,12.184489250183105
2008-07-24,11.845767974853516
2008-07-25,12.253231048583984
2008-07-28,11.883127212524414
2008-07-29,12.03231430053711
2008-07-30,12.022103309631348
2008-07-31,11.7991943359375
2008-08-01,11.652499198913574
2008-08-04,11.531455993652344
2008-08-05,11.951120376586914
2008-08-06,12.112759590148926
2008-08-07,11.932939529418945
2008-08-08,12.328695297241211
2008-08-11,12.473896980285645
2008-08-12,12.517980575561523
2008-08-13,12.45372200012207
2008-08-14,12.589709281921387
2008-08-15,12.705770492553711
2008-08-18,12.410634994506836
2008-08-19,12.216368675231934
2008-08-20,12.079387664794922
2008-08-21,12.117491722106934
2008-08-22,12.218609809875488
2008-08-25,12.029823303222656
2008-08-26,11.809405326843262
2008-08-27,11.670430183410645
2008-08-28,11.799941062927246
2008-08-29,11.538678169250488
2008-09-02,11.587492942810059
2008-09-03,11.566573143005371
2008-09-04,11.214153289794922
2008-09-05,11.064468383789062
2008-09-08,10.45925521850586
2008-09-09,10.427125930786133
2008-09-10,10.315048217773438
2008-09-11,10.802956581115723
2008-09-12,10.900338172912598
2008-09-15,10.805695533752441
2008-09-16,11.031594276428223
2008-09-17,10.32326889038086
2008-09-18,10.935705184936523
2008-09-19,11.186508178710938
2008-09-22,10.713046073913574
2008-09-23,10.691377639770508
2008-09-24,10.836830139160156
2008-09-25,10.94865608215332
2008-09-26,10.735462188720703
2008-09-29,9.489167213439941
2008-09-30,9.97533130645752
2008-10-01,10.254277229309082
2008-10-02,9.72552490234375
2008-10-03,9.636361122131348
2008-10-06,9.245338439941406
2008-10-07,8.617708206176758
2008-10-08,8.420951843261719
2008-10-09,8.193559646606445
2008-10-10,8.26877498626709
2008-10-13,9.489665031433105
2008-10-14,9.033638000488281
2008-10-15,8.447351455688477
2008-10-16,8.792299270629883
2008-10-17,9.278462409973145
2008-10-20,9.447325706481934
2008-10-21,9.034634590148926
2008-10-22,8.85830020904541
2008-10-23,8.77486515045166
2008-10-24,8.450340270996094
2008-10-27,8.206260681152344
2008-10-28,9.18406867980957
2008-10-29,8.916330337524414
2008-10-30,8.958420753479004
2008-10-31,8.950202941894531
2008-11-03,8.629663467407227
2008-11-04,9.138989448547363
2008-11-05,8.52381420135498
2008-11-06,8.249348640441895
2008-11-07,8.247357368469238
2008-11-10,7.939518928527832
2008-11-11,7.75720739364624
2008-11-12,7.247631549835205
2008-11-13,7.77264928817749
2008-11-14,7.72134256362915
2008-11-17,7.474774360656738
2008-11-18,7.407527923583984
2008-11-19,6.978149890899658
2008-11-20,6.464587688446045
2008-11-21,6.536068439483643
2008-11-24,6.411787509918213
2008-11-25,7.024723052978516
2008-11-26,7.274779319763184
2008-11-28,7.296446800231934
2008-12-01,6.624732971191406
2008-12-02,6.851876735687256
2008-12-03,6.959470272064209
2008-12-04,6.832698345184326
2008-12-05,7.073040962219238
2008-12-08,7.524336338043213
2008-12-09,7.620473384857178
2008-12-10,7.691455841064453
2008-12-11,7.477264404296875
2008-12-12,7.8643035888671875
2008-12-15,7.737532615661621
2008-12-16,8.101407051086426
2008-12-17,7.851351737976074
2008-12-18,7.727818489074707
2008-12-19,7.725078582763672
2008-12-22,7.399807453155518
2008-12-23,7.422471523284912
2008-12-24,7.545257568359375
2008-12-26,7.480751991271973
2008-12-29,7.407527923583984
2008-12-30,7.54924201965332
2008-12-31,7.662315845489502
2009-01-02,8.002779960632324
2009-01-05,8.17039680480957
2009-01-06,8.32008171081543
2009-01-07,8.019964218139648
2009-01-08,8.099166870117188
2009-01-09,7.847117900848389
2009-01-12,7.787841796875
2009-01-13,7.828438758850098
2009-01-14,7.495944023132324
2009-01-15,7.446630477905273
2009-01-16,7.463566303253174
2009-01-20,7.0421576499938965
2009-01-21,7.548495769500732
2009-01-22,7.633673191070557
2009-01-23,8.08696174621582
2009-01-26,8.066289901733398
2009-01-27,8.25582504272461
2009-01-28,8.68395709991455
2009-01-29,8.550710678100586
2009-01-30,8.431411743164062
2009-02-02,8.482219696044922
2009-02-03,8.479229927062988
2009-02-04,8.542742729187012
2009-02-05,8.809734344482422
2009-02-06,9.24708080291748
2009-02-09,9.43362808227539
2009-02-10,8.929033279418945
2009-02-11,8.917327880859375
2009-02-12,9.042104721069336
2009-02-13,8.908360481262207
2009-02-17,8.534273147583008
2009-02-18,8.794540405273438
2009-02-19,8.533775329589844
2009-02-20,8.628666877746582
2009-02-23,8.220458030700684
2009-02-24,8.603759765625
2009-02-25,8.508870124816895
2009-02-26,8.397789001464844
2009-02-27,8.417962074279785
2009-03-02,8.148231506347656
2009-03-03,8.106389045715332
2009-03-04,7.943005561828613
2009-03-05,7.612255096435547
2009-03-06,7.685229778289795
2009-03-09,7.244892597198486
2009-03-10,7.675266742706299
2009-03-11,7.917850971221924
2009-03-12,8.057823181152344
2009-03-13,8.079989433288574
2009-03-16,7.962182998657227
2009-03-17,8.351962089538574
2009-03-18,8.296173095703125
2009-03-19,8.217470169067383
2009-03-20,8.22294807434082
2009-03-23,8.682214736938477
2009-03-24,8.646598815917969
2009-03-25,8.569390296936035
2009-03-26,8.79902458190918
2009-03-27,8.659798622131348
2009-03-30,8.535019874572754
2009-03-31,8.6687650680542
2009-04-01,8.818948745727539
2009-04-02,9.028407096862793
2009-04-03,9.209721565246582
2009-04-06,9.171366691589355
2009-04-07,8.93251895904541
2009-04-08,9.015954971313477
2009-04-09,9.277466773986816
2009-04-13,9.41718864440918
2009-04-14,9.188054084777832
2009-04-15,9.451807975769043
2009-04-16,9.681939125061035
2009-04-17,9.769109725952148
2009-04-20,9.446826934814453
2009-04-21,9.500872611999512
2009-04-22,9.56039810180664
2009-04-23,9.581069946289062
2009-04-24,9.700618743896484
2009-04-27,9.61245059967041
2009-04-28,9.556662559509277
2009-04-29,9.749933242797852
2009-04-30,9.862009048461914
2009-05-01,9.805224418640137
2009-05-04,10.01169490814209
2009-05-05,10.036848068237305
2009-05-06,10.04880428314209
2009-05-07,9.877947807312012
2009-05-08,10.144941329956055
2009-05-11,10.161130905151367
2009-05-12,9.937723159790039
2009-05-13,9.701864242553711
2009-05-14,9.651056289672852
2009-05-15,9.7133207321167
2009-05-18,9.883676528930664
2009-05-19,9.93448543548584
2009-05-20,9.892145156860352
2009-05-21,9.875208854675293
2009-05-22,9.800491333007812
2009-05-26,10.070969581604004
2009-05-27,10.10085678100586
2009-05-28,10.221402168273926
2009-05-29,10.391509056091309
2009-06-01,10.623882293701172
2009-06-02,10.669710159301758
2009-06-03,10.750652313232422
2009-06-04,10.965591430664062
2009-06-05,11.066211700439453
2009-06-08,10.927984237670898
2009-06-09,10.849530220031738
2009-06-10,10.774314880371094
2009-06-11,10.684653282165527
2009-06-12,10.58104419708252
2009-06-15,10.38005256652832
2009-06-16,10.360875129699707
2009-06-17,10.339954376220703
2009-06-18,10.312559127807617
2009-06-19,10.462740898132324
2009-06-22,10.145439147949219
2009-06-23,10.103846549987793
2009-06-24,10.193756103515625
2009-06-25,10.355148315429688
2009-06-26,10.593000411987305
2009-06-29,10.56360912322998
2009-06-30,10.500099182128906
2009-07-01,10.435343742370605
2009-07-02,10.173831939697266
2009-07-06,10.201726913452148
2009-07-07,9.878449440002441
2009-07-08,10.024394989013672
2009-07-09,10.221152305603027
2009-07-10,10.321026802062988
2009-07-13,10.567594528198242
2009-07-14,10.577309608459473
2009-07-15,10.913040161132812
2009-07-16,11.0233736038208
2009-07-17,10.71578598022461
2009-07-20,10.71379280090332
2009-07-21,10.657256126403809
2009-07-22,10.652026176452637
2009-07-23,10.89236831665039
2009-07-24,11.125986099243164
2009-07-27,11.078166961669922
2009-07-28,10.954882621765137
2009-07-29,10.864972114562988
2009-07-30,11.099087715148926
2009-07-31,11.03458023071289
2009-08-03,11.262721061706543
2009-08-04,11.300577163696289
2009-08-05,11.23607063293457
2009-08-06,11.216643333435059
2009-08-07,11.38451099395752
2009-08-10,11.372306823730469
2009-08-11,11.305808067321777
2009-08-12,11.421369552612305
2009-08-13,11.513524055480957
2009-08-14,11.456738471984863
2009-08-17,11.080408096313477
2009-08-18,11.090121269226074
2009-08-19,11.057494163513184
2009-08-20,11.466949462890625
2009-08-21,11.587244987487793
2009-08-24,11.67416763305664
2009-08-25,11.73991870880127
2009-08-26,11.655984878540039
2009-08-27,11.607666969299316
2009-08-28,11.575040817260742
2009-08-31,11.498330116271973
2009-09-01,11.35113525390625
2009-09-02,11.282645225524902
2009-09-03,11.39496898651123
2009-09-04,11.489114761352539
2009-09-08,11.422367095947266
2009-09-09,11.555614471435547
2009-09-10,11.729207992553711
2009-09-11,11.759095191955566
2009-09-14,11.833314895629883
2009-09-15,11.893587112426758
2009-09-16,12.16132640838623
2009-09-17,12.246752738952637
2009-09-18,12.240278244018555
2009-09-21,12.378255844116211
2009-09-22,12.429563522338867
2009-09-23,12.414620399475098
2009-09-24,12.372528076171875
2009-09-25,12.2656831741333
2009-09-28,12.416363716125488
2009-09-29,12.416363716125488
2009-09-30,12.349616050720215
2009-10-01,12.13417911529541
2009-10-02,12.068924903869629
2009-10-05,12.167055130004883
2009-10-06,12.42159366607666
2009-10-07,12.889825820922852
2009-10-08,12.806140899658203
2009-10-09,12.857697486877441
2009-10-12,13.051713943481445
2009-10-13,13.103270530700684
2009-10-14,13.332653045654297
2009-10-15,13.197912216186523
2009-10-16,13.694538116455078
2009-10-19,13.750327110290527
2009-10-20,13.741111755371094
2009-10-21,13.725668907165527
2009-10-22,13.800137519836426
2009-10-23,13.790175437927246
2009-10-26,13.80312728881836
2009-10-27,13.655683517456055
2009-10-28,13.456685066223145
2009-10-29,13.724424362182617
2009-10-30,13.352578163146973
2009-11-02,13.299529075622559
2009-11-03,13.381718635559082
2009-11-04,13.45743465423584
2009-11-05,13.664649963378906
2009-11-06,13.725668907165527
2009-11-09,14.009846687316895
2009-11-10,14.115696907043457
2009-11-11,14.210338592529297
2009-11-12,14.142844200134277
2009-11-13,14.247450828552246
2009-11-16,14.352802276611328
2009-11-17,14.38293743133545
2009-11-18,14.362016677856445
2009-11-19,14.27086067199707
2009-11-20,14.195394515991211
2009-11-23,14.503979682922363
2009-11-24,14.522411346435547
2009-11-25,14.588411331176758
2009-11-27,14.439474105834961
2009-11-30,14.520170211791992
2009-12-01,14.69127368927002
2009-12-02,14.63249397277832
2009-12-03,14.588411331176758
2009-12-04,14.570229530334473
2009-12-07,14.601114273071289
2009-12-08,14.621038436889648
2009-12-09,14.670104026794434
2009-12-10,14.7318696975708
2009-12-11,14.70721435546875
2009-12-14,14.837221145629883
2009-12-15,14.772714614868164
2009-12-16,14.887781143188477
2009-12-17,14.79263973236084
2009-12-18,14.854406356811523
2009-12-21,14.910696029663086
2009-12-22,14.971465110778809
2009-12-23,15.234472274780273
2009-12-24,15.403831481933594
2009-12-28,15.513168334960938
2009-12-29,15.426746368408203
2009-12-30,15.509681701660156
2009-12-31,15.441191673278809
2010-01-04,15.609803199768066
2010-01-05,15.54106330871582
2010-01-06,15.149292945861816
2010-01-07,14.796625137329102
2010-01-08,14.993880271911621
2010-01-11,14.971216201782227
2010-01-12,14.706466674804688
2010-01-13,14.62203598022461
2010-01-14,14.690775871276855
2010-01-15,14.445451736450195
2010-01-19,14.635234832763672
2010-01-20,14.455662727355957
2010-01-21,14.519671440124512
2010-01-22,13.698522567749023
2010-01-25,13.449213027954102
2010-01-26,13.509486198425293
2010-01-27,13.50151538848877
2010-01-28,13.307001113891602
2010-01-29,13.198660850524902
2010-02-01,13.275369644165039
2010-02-02,13.228048324584961
2010-02-03,13.469636917114258
2010-02-04,13.11995792388916
2010-02-05,13.232282638549805
2010-02-08,13.286577224731445
2010-02-09,13.36054801940918
2010-02-10,13.310986518859863
2010-02-11,13.359551429748535
2010-02-12,13.277859687805176
2010-02-16,13.481590270996094
2010-02-17,13.404630661010742
2010-02-18,13.529411315917969
2010-02-19,13.468143463134766
2010-02-22,13.518950462341309
2010-02-23,13.326427459716797
2010-02-24,13.23676586151123
2010-02-25,13.11124038696289
2010-02-26,13.120453834533691
2010-03-01,13.26715087890625
2010-03-02,13.475614547729492
2010-03-03,13.581713676452637
2010-03-04,13.812591552734375
2010-03-05,14.052186012268066
2010-03-08,14.009099006652832
2010-03-09,13.952065467834473
2010-03-10,14.357035636901855
2010-03-11,14.473845481872559
2010-03-12,14.433995246887207
2010-03-15,14.026534080505371
2010-03-16,14.07684326171875
2010-03-17,14.085809707641602
2010-03-18,14.106730461120605
2010-03-19,13.947333335876465
2010-03-22,13.885068893432617
2010-03-23,13.673367500305176
2010-03-24,13.880833625793457
2010-03-25,14.019062995910645
2010-03-26,14.014328956604004
2010-03-29,14.00835132598877
2010-03-30,14.11445140838623
2010-03-31,14.124663352966309
2010-04-01,14.16650390625
2010-04-05,14.221548080444336
2010-04-06,14.152060508728027
2010-04-07,14.035500526428223
2010-04-08,14.133878707885742
2010-04-09,14.102248191833496
2010-04-12,14.264386177062988
2010-04-13,14.614065170288086
2010-04-14,14.669605255126953
2010-04-15,14.82651138305664
2010-04-16,13.702010154724121
2010-04-19,13.700762748718262
2010-04-20,13.823799133300781
2010-04-21,13.805368423461914
2010-04-22,13.625049591064453
2010-04-23,13.573493957519531
2010-04-26,13.241000175476074
2010-04-27,13.176743507385254
2010-04-28,13.179980278015137
2010-04-29,13.249964714050293
2010-04-30,13.093057632446289
2010-05-03,13.21509838104248
2010-05-04,12.611626625061035
2010-05-05,12.69605827331543
2010-05-06,12.419849395751953
2010-05-07,12.282121658325195
2010-05-10,12.992189407348633
2010-05-11,12.678374290466309
2010-05-12,12.587218284606934
2010-05-13,12.723952293395996
2010-05-14,12.64051628112793
2010-05-17,12.65147590637207
2010-05-18,12.412378311157227
2010-05-19,12.314249038696289
2010-05-20,11.83057689666748
2010-05-21,11.756854057312012
2010-05-24,11.884122848510742
2010-05-25,11.881882667541504
2010-05-26,11.842033386230469
2010-05-27,12.215373039245605
2010-05-28,12.095077514648438
2010-06-01,12.013882637023926
2010-06-02,12.287849426269531
2010-06-03,12.592448234558105
2010-06-04,12.421096801757812
2010-06-07,12.092337608337402
2010-06-08,12.073905944824219
2010-06-09,11.80591869354248
2010-06-10,12.129446029663086
2010-06-11,12.166557312011719
2010-06-14,12.034306526184082
2010-06-15,12.402914047241211
2010-06-16,12.484606742858887
2010-06-17,12.454968452453613
2010-06-18,12.45372200012207
2010-06-21,12.168051719665527
2010-06-22,12.110517501831055
2010-06-23,12.005912780761719
2010-06-24,11.832817077636719
2010-06-25,11.772544860839844
2010-06-28,11.757601737976074
2010-06-29,11.313777923583984
2010-06-30,11.081902503967285
2010-07-01,10.945916175842285
2010-07-02,10.872693061828613
2010-07-06,10.860738754272461
2010-07-07,11.212658882141113
2010-07-08,11.371060371398926
2010-07-09,11.64328384399414
2010-07-12,11.850998878479004
2010-07-13,12.183991432189941
2010-07-14,12.237290382385254
2010-07-15,12.304038047790527
2010-07-16,11.44702434539795
2010-07-19,11.610655784606934
2010-07-20,11.99445629119873
2010-07-21,11.892590522766113
2010-07-22,12.074652671813965
2010-07-23,12.205410957336426
2010-07-26,12.178262710571289
2010-07-27,12.269418716430664
2010-07-28,12.063196182250977
2010-07-29,12.079136848449707
2010-07-30,12.07564926147461
2010-08-02,12.214128494262695
2010-08-03,12.199682235717773
2010-08-04,12.610381126403809
2010-08-05,12.654712677001953
2010-08-06,12.458454132080078
2010-08-09,12.586220741271973
2010-08-10,12.545376777648926
2010-08-11,12.247252464294434
2010-08-12,12.25397777557373
2010-08-13,12.113009452819824
2010-08-16,12.094080924987793
2010-08-17,12.216867446899414
2010-08-18,12.008404731750488
2010-08-19,11.655238151550293
2010-08-20,11.507047653198242
2010-08-23,11.55810546875
2010-08-24,11.242297172546387
2010-08-25,11.32274341583252
2010-08-26,11.232086181640625
2010-08-27,11.427597999572754
2010-08-30,11.274675369262695
2010-08-31,11.208176612854004
2010-09-01,11.464957237243652
2010-09-02,11.535938262939453
2010-09-03,11.713268280029297
2010-09-07,11.566324234008789
2010-09-08,11.72024154663086
2010-09-09,11.859715461730957
2010-09-10,11.858719825744629
2010-09-13,12.011393547058105
2010-09-14,11.96556568145752
2010-09-15,11.970795631408691
2010-09-16,11.981257438659668
2010-09-17,12.20765209197998
2010-09-20,12.659196853637695
2010-09-21,12.788209915161133
2010-09-22,12.851470947265625
2010-09-23,12.78870677947998
2010-09-24,13.132658004760742
2010-09-27,13.210366249084473
2010-09-28,13.129669189453125
2010-09-29,13.142620086669922
2010-09-30,13.09529972076416
2010-10-01,13.091066360473633
2010-10-04,13.009624481201172
2010-10-05,13.405130386352539
2010-10-06,13.30849552154541
2010-10-07,13.200403213500977
2010-10-08,13.358305931091309
2010-10-11,13.420321464538574
2010-10-12,13.483833312988281
2010-10-13,13.531402587890625
2010-10-14,13.472376823425293
2010-10-15,14.979682922363281
2010-10-18,15.384654998779297
2010-10-19,15.13858413696289
2010-10-20,15.14232063293457
2010-10-21,15.242194175720215
2010-10-22,15.255643844604492
2010-10-25,15.35451889038086
2010-10-26,15.406821250915527
2010-10-27,15.353772163391113
2010-10-28,15.406323432922363
2010-10-29,15.284781455993652
2010-11-01,15.317159652709961
2010-11-02,15.33210277557373
2010-11-03,15.446172714233398
2010-11-04,15.5480375289917
2010-11-05,15.568212509155273
2010-11-08,15.610302925109863
2010-11-09,15.561736106872559
2010-11-10,15.513420104980469
2010-11-11,15.3717041015625
2010-11-12,15.025510787963867
2010-11-15,14.8307466506958
2010-11-16,14.538102149963379
2010-11-17,14.533866882324219
2010-11-18,14.857893943786621
2010-11-19,14.71518325805664
2010-11-22,14.724895477294922
2010-11-23,14.520418167114258
2010-11-24,14.818293571472168
2010-11-26,14.694510459899902
2010-11-29,14.498003005981445
2010-11-30,13.840486526489258
2010-12-01,14.055673599243164
2010-12-02,14.241721153259277
2010-12-03,14.271110534667969
2010-12-06,14.404603958129883
2010-12-07,14.623279571533203
2010-12-08,14.707961082458496
2010-12-09,14.7318696975708
2010-12-10,14.749553680419922
2010-12-13,14.809576988220215
2010-12-14,14.816800117492676
2010-12-15,14.701982498168945
2010-12-16,14.737101554870605
2010-12-17,14.714436531066895
2010-12-20,14.820533752441406
2010-12-21,15.020031929016113
2010-12-22,15.080304145812988
2010-12-23,15.04892349243164
2010-12-27,15.002846717834473
2010-12-28,14.916671752929688
2010-12-29,14.968477249145508
2010-12-30,14.915177345275879
2010-12-31,14.793386459350586
2011-01-03,15.051910400390625
2011-01-04,14.996370315551758
2011-01-05,15.169466972351074
2011-01-06,15.279799461364746
2011-01-07,15.353023529052734
2011-01-10,15.297484397888184
2011-01-11,15.342314720153809
2011-01-12,15.363734245300293
2011-01-13,15.359251022338867
2011-01-14,15.545797348022461
2011-01-18,15.930594444274902
2011-01-19,15.734334945678711
2011-01-20,15.610302925109863
2011-01-21,15.238207817077637
2011-01-24,15.219527244567871
2011-01-25,15.439447402954102
2011-01-26,15.35451889038086
2011-01-27,15.36174201965332
2011-01-28,14.96822738647461
2011-01-31,14.952536582946777
2011-02-01,15.218531608581543
2011-02-02,15.242441177368164
2011-02-03,15.196366310119629
2011-02-04,15.21703815460205
2011-02-07,15.299478530883789
2011-02-08,15.401341438293457
2011-02-09,15.35451889038086
2011-02-10,15.353023529052734
2011-02-11,15.553766250610352
2011-02-14,15.644672393798828
2011-02-15,15.545048713684082
2011-02-16,15.546792984008789
2011-02-17,15.572694778442383
2011-02-18,15.692741394042969
2011-02-22,15.197860717773438
2011-02-23,15.225505828857422
2011-02-24,15.163241386413574
2011-02-25,15.193626403808594
2011-02-28,15.27730941772461
2011-03-01,14.962498664855957
2011-03-02,14.96324634552002
2011-03-03,15.181671142578125
2011-03-04,14.959012031555176
2011-03-07,14.735854148864746
2011-03-08,14.752043724060059
2011-03-09,14.738595008850098
2011-03-10,14.452923774719238
2011-03-11,14.36351203918457
2011-03-14,14.19614315032959
2011-03-15,14.185432434082031
2011-03-16,13.875104904174805
2011-03-17,13.98120403289795
2011-03-18,13.973732948303223
2011-03-21,14.358281135559082
2011-03-22,14.378702163696289
2011-03-23,14.499249458312988
2011-03-24,14.61705493927002
2011-03-25,14.438976287841797
2011-03-28,14.329888343811035
2011-03-29,14.48853874206543
2011-03-30,14.491278648376465
2011-03-31,14.61381721496582
2011-04-01,14.739341735839844
2011-04-04,14.63672924041748
2011-04-05,14.173728942871094
2011-04-06,14.300498962402344
2011-04-07,14.445451736450195
2011-04-08,14.39962387084961
2011-04-11,14.379949569702148
2011-04-12,14.21158504486084
2011-04-13,14.352802276611328
2011-04-14,14.408342361450195
2011-04-15,13.217589378356934
2011-04-18,13.121451377868652
2011-04-19,12.9891996383667
2011-04-20,13.093805313110352
2011-04-21,13.07811450958252
2011-04-25,13.07686996459961
2011-04-26,13.27038860321045
2011-04-27,13.393423080444336
2011-04-28,13.39865493774414
2011-04-29,13.5513277053833
2011-05-02,13.413348197937012
2011-05-03,13.297039031982422
2011-05-04,13.344359397888184
2011-05-05,13.306502342224121
2011-05-06,13.33215618133545
2011-05-09,13.391430854797363
2011-05-10,13.515463829040527
2011-05-11,13.335891723632812
2011-05-12,13.325929641723633
2011-05-13,13.188945770263672
2011-05-16,12.911742210388184
2011-05-17,13.211610794067383
2011-05-18,13.19542121887207
2011-05-19,13.23128604888916
2011-05-20,13.051464080810547
2011-05-23,12.910996437072754
2011-05-24,12.907757759094238
2011-05-25,12.942875862121582
2011-05-26,12.904520034790039
2011-05-27,12.973509788513184
2011-05-31,13.175745964050293
2011-06-01,13.090567588806152
2011-06-02,13.151836395263672
2011-06-03,13.02780532836914
2011-06-06,12.977495193481445
2011-06-07,12.926935195922852
2011-06-08,12.930421829223633
2011-06-09,12.869651794433594
2011-06-10,12.689830780029297
2011-06-13,12.570781707763672
2011-06-14,12.661438941955566
2011-06-15,12.526446342468262
2011-06-16,12.462191581726074
2011-06-17,12.07988452911377
2011-06-20,12.068924903869629
2011-06-21,12.278632164001465
2011-06-22,12.129446029663086
2011-06-23,11.960336685180664
2011-06-24,11.827338218688965
2011-06-27,12.024592399597168
2011-06-28,12.29482364654541
2011-06-29,12.392454147338867
2011-06-30,12.6118745803833
2011-07-01,12.976747512817383
2011-07-05,13.260924339294434
2011-07-06,13.333648681640625
2011-07-07,13.613594055175781
2011-07-08,13.249716758728027
2011-07-11,13.132410049438477
2011-07-12,13.300026893615723
2011-07-13,13.405877113342285
2011-07-14,13.173754692077637
2011-07-15,14.884293556213379
2011-07-18,14.817545890808105
2011-07-19,15.007080078125
2011-07-20,14.8277587890625
2011-07-21,15.117663383483887
2011-07-22,15.397605895996094
2011-07-25,15.416285514831543
2011-07-26,15.504453659057617
2011-07-27,15.123391151428223
2011-07-28,15.21604061126709
2011-07-29,15.035472869873047
2011-08-01,15.112183570861816
2011-08-02,14.75428581237793
2011-08-03,14.972711563110352
2011-08-04,14.383683204650879
2011-08-05,14.421542167663574
2011-08-08,13.599146842956543
2011-08-09,14.28132152557373
2011-08-10,13.673616409301758
2011-08-11,14.000382423400879
2011-08-12,14.041228294372559
2011-08-15,13.878344535827637
2011-08-16,13.424306869506836
2011-08-17,13.278606414794922
2011-08-18,12.574517250061035
2011-08-19,12.226828575134277
2011-08-22,12.407397270202637
2011-08-23,12.92170524597168
2011-08-24,13.033034324645996
2011-08-25,12.952091217041016
2011-08-26,13.121949195861816
2011-08-29,13.426299095153809
2011-08-30,13.466647148132324
2011-08-31,13.473124504089355
2011-09-01,13.262418746948242
2011-09-02,13.071639060974121
2011-09-06,13.005390167236328
2011-09-07,13.300524711608887
2011-09-08,13.323686599731445
2011-09-09,13.07188892364502
2011-09-12,13.203142166137695
2011-09-13,13.188199043273926
2011-09-14,13.251709938049316
2011-09-15,13.51297378540039
2011-09-16,13.615585327148438
2011-09-19,13.615336418151855
2011-09-20,13.614339828491211
2011-09-21,13.429287910461426
2011-09-22,12.96753215789795
2011-09-23,13.088326454162598
2011-09-26,13.24722671508789
2011-09-27,13.432774543762207
2011-09-28,13.171262741088867
2011-09-29,13.137889862060547
2011-09-30,12.827560424804688
2011-10-03,12.341397285461426
2011-10-04,12.500296592712402
2011-10-05,12.57003402709961
2011-10-06,12.819342613220215
2011-10-07,12.829553604125977
2011-10-10,13.378729820251465
2011-10-11,13.528414726257324
2011-10-12,13.660914421081543
2011-10-13,13.922178268432617
2011-10-14,14.736352920532227
2011-10-17,14.505475044250488
2011-10-18,14.70721435546875
2011-10-19,14.462885856628418
2011-10-20,14.536856651306152
2011-10-21,14.706714630126953
2011-10-24,14.854406356811523
2011-10-25,14.524154663085938
2011-10-26,14.602607727050781
2011-10-27,14.910446166992188
2011-10-28,14.94705867767334
2011-10-31,14.760262489318848
2011-11-01,14.411828994750977
2011-11-02,14.565498352050781
2011-11-03,14.881304740905762
2011-11-04,14.847433090209961
2011-11-07,15.151036262512207
2011-11-08,15.250909805297852
2011-11-09,14.967230796813965
2011-11-10,14.82103443145752
2011-11-11,15.151535034179688
2011-11-14,15.267346382141113
2011-11-15,15.356012344360352
2011-11-16,15.229240417480469
2011-11-17,14.965239524841309
2011-11-18,14.816052436828613
2011-11-21,14.468863487243652
2011-11-22,14.445451736450195
2011-11-23,14.199131965637207
2011-11-25,14.022049903869629
2011-11-28,14.649430274963379
2011-11-29,14.518425941467285
2011-11-30,14.928378105163574
2011-12-01,15.286524772644043
2011-12-02,15.450655937194824
2011-12-05,15.582408905029297
2011-12-06,15.535585403442383
2011-12-07,15.52612018585205
2011-12-08,15.34331226348877
2011-12-09,15.62649154663086
2011-12-12,15.575932502746582
2011-12-13,15.5819091796875
2011-12-14,15.393621444702148
2011-12-15,15.430232048034668
2011-12-16,15.590129852294922
2011-12-19,15.48726749420166
2011-12-20,15.699965476989746
2011-12-21,15.586642265319824
2011-12-22,15.68327808380127
2011-12-23,15.768953323364258
2011-12-27,15.946035385131836
2011-12-28,15.93233585357666
2011-12-29,15.999584197998047
2011-12-30,16.086753845214844
2012-01-03,16.572669982910156
2012-01-04,16.644149780273438
2012-01-05,16.413270950317383
2012-01-06,16.18936538696289
2012-01-09,15.502958297729492
2012-01-10,15.51989459991455
2012-01-11,15.590129852294922
2012-01-12,15.681781768798828
2012-01-13,15.565970420837402
2012-01-17,15.65538215637207
2012-01-18,15.763225555419922
2012-01-19,15.929098129272461
2012-01-20,14.59463882446289
2012-01-23,14.582932472229004
2012-01-24,14.46861457824707
2012-01-25,14.18369197845459
2012-01-26,14.149069786071777
2012-01-27,14.444953918457031
2012-01-30,14.387919425964355
2012-01-31,14.448190689086914
2012-02-01,14.4661226272583
2012-02-02,14.57271957397461
2012-02-03,14.852164268493652
2012-02-06,15.169964790344238
2012-02-07,15.112183570861816
2012-02-08,15.188894271850586
2012-02-09,15.22899341583252
2012-02-10,15.090764999389648
2012-02-13,15.247422218322754
2012-02-14,15.186652183532715
2012-02-15,15.082046508789062
2012-02-16,15.10595703125
2012-02-17,15.059134483337402
2012-02-21,15.292253494262695
2012-02-22,15.141324043273926
2012-02-23,15.095746040344238
2012-02-24,15.190139770507812
2012-02-27,15.175445556640625
2012-02-28,15.401590347290039
2012-02-29,15.398103713989258
2012-03-01,15.501463890075684
2012-03-02,15.472823143005371
2012-03-05,15.298480987548828
2012-03-06,15.06710433959961
2012-03-07,15.112931251525879
2012-03-08,15.12139892578125
2012-03-09,14.949795722961426
2012-03-12,15.071836471557617
2012-03-13,15.386397361755371
2012-03-14,15.341816902160645
2012-03-15,15.469833374023438
2012-03-16,15.567215919494629
2012-03-19,15.789875030517578
2012-03-20,15.777669906616211
2012-03-21,15.939311027526855
2012-03-22,16.090490341186523
2012-03-23,16.004314422607422
2012-03-26,16.17218017578125
2012-03-27,16.114648818969727
2012-03-28,16.332324981689453
2012-03-29,16.149267196655273
2012-03-30,15.970691680908203
2012-04-02,16.112159729003906
2012-04-03,16.005062103271484
2012-04-04,15.819013595581055
2012-04-05,15.748531341552734
2012-04-09,15.711668968200684
2012-04-10,15.612545013427734
2012-04-11,15.839188575744629
2012-04-12,16.214021682739258
2012-04-13,15.556257247924805
2012-04-16,15.09475040435791
2012-04-17,15.181921005249023
2012-04-18,15.129120826721191
2012-04-19,14.926136016845703
2012-04-20,14.845440864562988
2012-04-23,14.883795738220215
2012-04-24,14.975202560424805
2012-04-25,15.185656547546387
2012-04-26,15.328866004943848
2012-04-27,15.316661834716797
2012-04-30,15.064363479614258
2012-05-01,15.05390453338623
2012-05-02,15.124387741088867
2012-05-03,15.218033790588379
2012-05-04,14.868104934692383
2012-05-07,15.131610870361328
2012-05-08,15.262118339538574
2012-05-09,15.171460151672363
2012-05-10,15.283787727355957
2012-05-11,15.07382869720459
2012-05-14,15.043194770812988
2012-05-15,15.220274925231934
2012-05-16,15.664100646972656
2012-05-17,15.51765251159668
2012-05-18,14.953534126281738
2012-05-21,15.29499340057373
2012-05-22,14.963496208190918
2012-05-23,15.179181098937988
2012-05-24,15.034727096557617
2012-05-25,14.732616424560547
2012-05-29,14.802602767944336
2012-05-30,14.65042781829834
2012-05-31,14.466869354248047
2012-06-01,14.220800399780273
2012-06-04,14.410333633422852
2012-06-05,14.20660400390625
2012-06-06,14.459648132324219
2012-06-07,14.4013671875
2012-06-08,14.456660270690918
2012-06-11,14.159031867980957
2012-06-12,14.074352264404297
2012-06-13,13.974480628967285
2012-06-14,13.92367172241211
2012-06-15,14.059659004211426
2012-06-18,14.217562675476074
2012-06-19,14.48355770111084
2012-06-20,14.38343620300293
2012-06-21,14.077091217041016
2012-06-22,14.23325252532959
2012-06-25,13.964767456054688
2012-06-26,14.063892364501953
2012-06-27,14.178956985473633
2012-06-28,14.054677963256836
2012-06-29,14.447195053100586
2012-07-02,14.457157135009766
2012-07-03,14.640464782714844
2012-07-05,14.84195613861084
2012-07-06,14.594388008117676
2012-07-09,14.595135688781738
2012-07-10,14.487792015075684
2012-07-11,14.226029396057129
2012-07-12,14.208346366882324
2012-07-13,14.35877799987793
2012-07-16,14.318928718566895
2012-07-17,14.364009857177734
2012-07-18,14.464380264282227
2012-07-19,14.770722389221191
2012-07-20,15.213052749633789
2012-07-23,15.329861640930176
2012-07-24,15.132108688354492
2012-07-25,15.142568588256836
2012-07-26,15.276314735412598
2012-07-27,15.814282417297363
2012-07-30,15.74803352355957
2012-07-31,15.764719009399414
2012-08-01,15.75749683380127
2012-08-02,15.659615516662598
2012-08-03,15.972933769226074
2012-08-06,16.01004409790039
2012-08-07,15.95325756072998
2012-08-08,15.995349884033203
2012-08-09,15.99833869934082
2012-08-10,15.989622116088867
2012-08-13,16.43817710876465
2012-08-14,16.65361213684082
2012-08-15,16.625720977783203
2012-08-16,16.758466720581055
2012-08-17,16.86481475830078
2012-08-20,16.82496452331543
2012-08-21,16.67478370666504
2012-08-22,16.86581039428711
2012-08-23,16.856348037719727
2012-08-24,16.901926040649414
2012-08-27,16.667560577392578
2012-08-28,16.867555618286133
2012-08-29,17.135541915893555
2012-08-30,16.977890014648438
2012-08-31,17.062814712524414
2012-09-04,16.96194839477539
2012-09-05,16.953977584838867
2012-09-06,17.419221878051758
2012-09-07,17.58733558654785
2012-09-10,17.453344345092773
2012-09-11,17.239648818969727
2012-09-12,17.20702362060547
2012-09-13,17.584598541259766
2012-09-14,17.675254821777344
2012-09-17,17.682727813720703
2012-09-18,17.889448165893555
2012-09-19,18.11907958984375
2012-09-20,18.134519577026367
2012-09-21,18.280719757080078
2012-09-24,18.66402244567871
2012-09-25,18.65854263305664
2012-09-26,18.765636444091797
2012-09-27,18.841352462768555
2012-09-28,18.791540145874023
2012-10-01,18.972856521606445
2012-10-02,18.853553771972656
2012-10-03,18.990787506103516
2012-10-04,19.12901496887207
2012-10-05,19.11905288696289
2012-10-08,18.874727249145508
2012-10-09,18.532268524169922
2012-10-10,18.543973922729492
2012-10-11,18.716323852539062
2012-10-12,18.5487060546875
2012-10-15,18.45481300354004
2012-10-16,18.547460556030273
2012-10-17,18.81619644165039
2012-10-18,17.309633255004883
2012-10-19,16.980628967285156
2012-10-22,16.902921676635742
2012-10-23,16.944765090942383
2012-10-24,16.86880111694336
2012-10-25,16.88025665283203
2012-10-26,16.81525230407715
2012-10-31,16.943517684936523
2012-11-01,17.125083923339844
2012-11-02,17.133302688598633
2012-11-05,17.009765625
2012-11-06,16.978885650634766
2012-11-07,16.615257263183594
2012-11-08,16.24590301513672
2012-11-09,16.51339340209961
2012-11-12,16.58487319946289
2012-11-13,16.414264678955078
2012-11-14,16.252376556396484
2012-11-15,16.120628356933594
2012-11-16,16.118635177612305
2012-11-19,16.642404556274414
2012-11-20,16.68623924255371
2012-11-21,16.584125518798828
2012-11-23,16.63642692565918
2012-11-26,16.466571807861328
2012-11-27,16.704669952392578
2012-11-28,17.02745246887207
2012-11-29,17.232179641723633
2012-11-30,17.39356803894043
2012-12-03,17.31586265563965
2012-12-04,17.210758209228516
2012-12-05,17.13081169128418
2012-12-06,17.21324920654297
2012-12-07,17.040903091430664
2012-12-10,17.071035385131836
2012-12-11,17.35645866394043
2012-12-12,17.373395919799805
2012-12-13,17.50141143798828
2012-12-14,17.482980728149414
2012-12-17,17.951711654663086
2012-12-18,17.958934783935547
2012-12-19,17.93502426147461
2012-12-20,17.991064071655273
2012-12-21,17.82344627380371
2012-12-24,17.670772552490234
2012-12-26,17.655078887939453
2012-12-27,17.590824127197266
2012-12-28,17.434415817260742
2012-12-31,17.61797332763672
2013-01-02,18.013227462768555
2013-01-03,18.02368927001953
2013-01-04,18.379844665527344
2013-01-07,18.299646377563477
2013-01-08,18.263532638549805
2013-01-09,18.383581161499023
2013-01-10,18.467262268066406
2013-01-11,18.430156707763672
2013-01-14,18.013227462768555
2013-01-15,18.055070877075195
2013-01-16,17.81248664855957
2013-01-17,17.71609878540039
2013-01-18,17.546493530273438
2013-01-22,17.505643844604492
2013-01-23,18.467761993408203
2013-01-24,18.784318923950195
2013-01-25,18.7708683013916
2013-01-28,18.697643280029297
2013-01-29,18.7711181640625
2013-01-30,18.774852752685547
2013-01-31,18.821178436279297
2013-02-01,19.31705665588379
2013-02-04,18.90411376953125
2013-02-05,19.071481704711914
2013-02-06,19.181814193725586
2013-02-07,19.27596092224121
2013-02-08,19.560388565063477
2013-02-11,19.486913681030273
2013-02-12,19.444076538085938
2013-02-13,19.49787139892578
2013-02-14,19.62140655517578
2013-02-15,19.747678756713867
2013-02-19,20.09536361694336
2013-02-20,19.73697280883789
2013-02-21,19.813430786132812
2013-02-22,19.917539596557617
2013-02-25,19.69487953186035
2013-02-26,19.678939819335938
2013-02-27,19.919282913208008
2013-02-28,19.954648971557617
2013-03-01,20.078927993774414
2013-03-04,20.46023941040039
2013-03-05,20.88612937927246
2013-03-06,20.706310272216797
2013-03-07,20.736696243286133
2013-03-08,20.709796905517578
2013-03-11,20.7919864654541
2013-03-12,20.612415313720703
2013-03-13,20.55512809753418
2013-03-14,20.46123504638672
2013-03-15,20.280916213989258
2013-03-18,20.118778228759766
2013-03-19,20.206695556640625
2013-03-20,20.291128158569336
2013-03-21,20.205202102661133
2013-03-22,20.18153953552246
2013-03-25,20.164852142333984
2013-03-26,20.234094619750977
2013-03-27,19.991010665893555
2013-03-28,19.780057907104492
2013-04-01,19.95439910888672
2013-04-02,20.249534606933594
2013-04-03,20.079177856445312
2013-04-04,19.801971435546875
2013-04-05,19.50260353088379
2013-04-08,19.298376083374023
2013-04-09,19.368112564086914
2013-04-10,19.680185317993164
2013-04-11,19.68541717529297
2013-04-12,19.67694664001465
2013-04-15,19.47471046447754
2013-04-16,19.759634017944336
2013-04-17,19.490402221679688
2013-04-18,19.07571792602539
2013-04-19,19.921524047851562
2013-04-22,19.92750358581543
2013-04-23,20.121517181396484
2013-04-24,20.259746551513672
2013-04-25,20.151405334472656
2013-04-26,19.960126876831055
2013-04-29,20.39946746826172
2013-04-30,20.536699295043945
2013-05-01,20.4335880279541
2013-05-02,20.662227630615234
2013-05-03,21.063461303710938
2013-05-06,21.45772361755371
2013-05-07,21.350128173828125
2013-05-08,21.758586883544922
2013-05-09,21.705039978027344
2013-05-10,21.92296600341797
2013-05-13,21.8557186126709
2013-05-14,22.09406852722168
2013-05-15,22.81110954284668
2013-05-16,22.51173973083496
2013-05-17,22.643991470336914
2013-05-20,22.627803802490234
2013-05-21,22.588953018188477
2013-05-22,22.1518497467041
2013-05-23,21.986726760864258
2013-05-24,21.750864028930664
2013-05-28,21.948867797851562
2013-05-29,21.62608528137207
2013-05-30,21.687105178833008
2013-05-31,21.698562622070312
2013-06-03,21.609149932861328
2013-06-04,21.39670181274414
2013-06-05,21.411643981933594
2013-06-06,21.53468132019043
2013-06-07,21.910512924194336
2013-06-10,22.171777725219727
2013-06-11,21.912504196166992
2013-06-12,21.717491149902344
2013-06-13,21.842519760131836
2013-06-14,21.793703079223633
2013-06-17,22.072900772094727
2013-06-18,22.430797576904297
2013-06-19,22.43229103088379
2013-06-20,22.035289764404297
2013-06-21,21.940401077270508
2013-06-24,21.662946701049805
2013-06-25,21.573535919189453
2013-06-26,21.759084701538086
2013-06-27,21.844263076782227
2013-06-28,21.926450729370117
2013-07-01,22.113496780395508
2013-07-02,21.974769592285156
2013-07-03,22.077383041381836
2013-07-05,22.253219604492188
2013-07-08,22.54212760925293
2013-07-09,22.54586410522461
2013-07-10,22.564542770385742
2013-07-11,22.919452667236328
2013-07-12,22.98819351196289
2013-07-15,23.030282974243164
2013-07-16,22.903762817382812
2013-07-17,22.877361297607422
2013-07-18,22.681350708007812
2013-07-19,22.33067512512207
2013-07-22,22.68185043334961
2013-07-23,22.509998321533203
2013-07-24,22.48758316040039
2013-07-25,22.109012603759766
2013-07-26,22.05048179626465
2013-07-29,21.97377586364746
2013-07-30,22.189210891723633
2013-07-31,22.11025619506836
2013-08-01,22.520458221435547
2013-08-02,22.578990936279297
2013-08-05,22.539884567260742
2013-08-06,22.329927444458008
2013-08-07,22.182485580444336
2013-08-08,22.2325439453125
2013-08-09,22.176509857177734
2013-08-12,22.05447006225586
2013-08-13,21.9483699798584
2013-08-14,21.6634464263916
2013-08-15,21.4106502532959
2013-08-16,21.3421573638916
2013-08-19,21.55983543395996
2013-08-20,21.554109573364258
2013-08-21,21.6514892578125
2013-08-22,21.760578155517578
2013-08-23,21.67340850830078
2013-08-26,21.578266143798828
2013-08-27,21.17379379272461
2013-08-28,21.133943557739258
2013-08-29,21.305299758911133
2013-08-30,21.092849731445312
2013-09-03,21.42858123779297
2013-09-04,21.70877456665039
2013-09-05,21.90627670288086
2013-09-06,21.90677833557129
2013-09-09,22.11773109436035
2013-09-10,22.13317108154297
2013-09-11,22.320463180541992
2013-09-12,22.24250602722168
2013-09-13,22.14313316345215
2013-09-16,22.110506057739258
2013-09-17,22.069412231445312
2013-09-18,22.498043060302734
2013-09-19,22.375255584716797
2013-09-20,22.492813110351562
2013-09-23,22.079124450683594
2013-09-24,22.087594985961914
2013-09-25,21.848247528076172
2013-09-26,21.871658325195312
2013-09-27,21.82732582092285
2013-09-30,21.815372467041016
2013-10-01,22.091577529907227
2013-10-02,22.116235733032227
2013-10-03,21.819852828979492
2013-10-04,21.726709365844727
2013-10-07,21.562076568603516
2013-10-08,21.261463165283203
2013-10-09,21.31600570678711
2013-10-10,21.62434196472168
2013-10-11,21.71773910522461
2013-10-14,21.82035255432129
2013-10-15,21.96729850769043
2013-10-16,22.366291046142578
2013-10-17,22.13616180419922
2013-10-18,25.190128326416016
2013-10-21,24.988142013549805
2013-10-22,25.080291748046875
2013-10-23,25.688247680664062
2013-10-24,25.542295455932617
2013-10-25,25.284521102905273
2013-10-28,25.279539108276367
2013-10-29,25.808542251586914
2013-10-30,25.66358757019043
2013-10-31,25.66757583618164
2013-11-01,25.579408645629883
2013-11-04,25.556245803833008
2013-11-05,25.44192886352539
2013-11-06,25.47256088256836
2013-11-07,25.103954315185547
2013-11-08,25.305192947387695
2013-11-11,25.16970443725586
2013-11-12,25.199342727661133
2013-11-13,25.71464729309082
2013-11-14,25.783388137817383
2013-11-15,25.74179458618164
2013-11-18,25.691734313964844
2013-11-19,25.53358268737793
2013-11-20,25.46160125732422
2013-11-21,25.754497528076172
2013-11-22,25.7002010345459
2013-11-25,26.049880981445312
2013-11-26,26.360708236694336
2013-11-27,26.477766036987305
2013-11-29,26.39009666442871
2013-12-02,26.262826919555664
2013-12-03,26.23244285583496
2013-12-04,26.35498046875
2013-12-05,26.334060668945312
2013-12-06,26.646129608154297
2013-12-09,26.852100372314453
2013-12-10,27.014488220214844
2013-12-11,26.830930709838867
2013-12-12,26.648372650146484
2013-12-13,26.41998291015625
2013-12-16,26.72358512878418
2013-12-17,26.6458797454834
2013-12-18,27.01673126220703
2013-12-19,27.053342819213867
2013-12-20,27.411989212036133
2013-12-23,27.772624969482422
2013-12-24,27.69143295288086
2013-12-26,27.831405639648438
2013-12-27,27.854814529418945
2013-12-30,27.632156372070312
2013-12-31,27.9123477935791
2014-01-02,27.723312377929688
2014-01-03,27.521074295043945
2014-01-06,27.827917098999023
2014-01-07,28.364391326904297
2014-01-08,28.423419952392578
2014-01-09,28.149703979492188
2014-01-10,28.148208618164062
2014-01-13,27.96888542175293
2014-01-14,28.62689971923828
2014-01-15,28.607471466064453
2014-01-16,28.79676055908203
2014-01-17,28.655044555664062
2014-01-21,28.983055114746094
2014-01-22,29.015932083129883
2014-01-23,28.893394470214844
2014-01-24,27.990055084228516
2014-01-27,27.427181243896484
2014-01-28,27.96963119506836
2014-01-29,27.56889533996582
2014-01-30,28.277965545654297
2014-01-31,29.41318130493164
2014-02-03,28.22915267944336
2014-02-04,28.34695816040039
2014-02-05,28.472482681274414
2014-02-06,28.889907836914062
2014-02-07,29.32526397705078
2014-02-10,29.21293830871582
2014-02-11,29.64256477355957
2014-02-12,29.55564308166504
2014-02-13,29.8846492767334
2014-02-14,29.956878662109375
2014-02-18,30.158119201660156
2014-02-19,29.945423126220703
2014-02-20,29.989503860473633
2014-02-21,29.981534957885742
2014-02-24,30.198715209960938
2014-02-25,30.38526153564453
2014-02-26,30.389493942260742
2014-02-27,30.365585327148438
2014-02-28,30.276920318603516
2014-03-03,29.954137802124023
2014-03-04,30.258485794067383
2014-03-05,30.341922760009766
2014-03-06,30.375547409057617
2014-03-07,30.25550079345703
2014-03-10,30.175304412841797
2014-03-11,29.886892318725586
2014-03-12,30.068954467773438
2014-03-13,29.614669799804688
2014-03-14,29.209699630737305
2014-03-17,29.690385818481445
2014-03-18,30.16758155822754
2014-03-19,29.86846160888672
2014-03-20,29.816410064697266
2014-03-21,29.464736938476562
2014-03-24,28.839345932006836
2014-03-25,28.85902214050293
2014-03-26,28.192790985107422
2014-03-27,27.7522029876709
2014-03-28,27.898401260375977
2014-03-31,27.757930755615234
2014-04-01,28.26551628112793
2014-04-02,28.2707462310791
2014-04-03,28.439035415649414
2014-04-04,27.132781982421875
2014-04-07,26.90287971496582
2014-04-08,27.742862701416016
2014-04-09,28.21709442138672
2014-04-10,27.204439163208008
2014-04-11,26.76006317138672
2014-04-14,27.130290985107422
2014-04-15,27.304458618164062
2014-04-16,28.060842514038086
2014-04-17,27.03773307800293
2014-04-21,26.840179443359375
2014-04-22,27.145219802856445
2014-04-23,26.74761962890625
2014-04-24,26.594852447509766
2014-04-25,26.030550003051758
2014-04-28,26.02457618713379
2014-04-29,26.688899993896484
2014-04-30,26.61674690246582
2014-05-01,26.79837989807129
2014-05-02,26.56648826599121
2014-05-05,26.63913917541504
2014-05-06,26.004175186157227
2014-05-07,25.776762008666992
2014-05-08,25.88474464416504
2014-05-09,26.205711364746094
2014-05-12,26.79340171813965
2014-05-13,26.948162078857422
2014-05-14,26.593358993530273
2014-05-15,26.330116271972656
2014-05-16,26.2893123626709
2014-05-19,26.813308715820312
2014-05-20,26.89093589782715
2014-05-21,27.354223251342773
2014-05-22,27.640352249145508
2014-05-23,28.055866241455078
2014-05-27,28.606733322143555
2014-05-28,28.386783599853516
2014-05-29,28.39225959777832
2014-05-30,28.44649887084961
2014-06-02,28.08273696899414
2014-06-03,27.593576431274414
2014-06-04,27.556255340576172
2014-06-05,28.112096786499023
2014-06-06,28.16683578491211
2014-06-09,28.40071678161621
2014-06-10,28.279796600341797
2014-06-11,28.239986419677734
2014-06-12,27.841886520385742
2014-06-13,27.884187698364258
2014-06-16,27.483604431152344
2014-06-17,27.400001525878906
2014-06-18,27.899614334106445
2014-06-19,28.115083694458008
2014-06-20,28.191221237182617
2014-06-23,28.577871322631836
2014-06-24,28.490787506103516
2014-06-25,29.1570987701416
2014-06-26,29.09937858581543
2014-06-27,29.145156860351562
2014-06-30,29.09440040588379
2014-07-01,29.43377685546875
2014-07-02,29.398447036743164
2014-07-03,29.51289939880371
2014-07-07,29.39745330810547
2014-07-08,28.782392501831055
2014-07-09,29.029212951660156
2014-07-10,28.864002227783203
2014-07-11,29.19293212890625
2014-07-14,29.571619033813477
2014-07-15,29.511905670166016
2014-07-16,29.390483856201172
2014-07-17,28.90281867980957
2014-07-18,30.111539840698242
2014-07-21,29.779626846313477
2014-07-22,30.0349063873291
2014-07-23,30.11551856994629
2014-07-24,30.007038116455078
2014-07-25,29.76171112060547
2014-07-28,29.808486938476562
2014-07-29,29.556194305419922
2014-07-30,29.630338668823242
2014-07-31,28.83962059020996
2014-08-01,28.543535232543945
2014-08-04,28.974971771240234
2014-08-05,28.520645141601562
2014-08-06,28.58782386779785
2014-08-07,28.45446014404297
2014-08-08,28.759502410888672
2014-08-11,28.72516632080078
2014-08-12,28.46988868713379
2014-08-13,29.088926315307617
2014-08-14,29.093406677246094
2014-08-15,29.046628952026367
2014-08-18,29.49399185180664
2014-08-19,29.713441848754883
2014-08-20,29.628847122192383
2014-08-21,29.480056762695312
2014-08-22,29.48603057861328
2014-08-25,29.387996673583984
2014-08-26,29.26607894897461
2014-08-27,29.01129722595215
2014-08-28,28.87793731689453
2014-08-29,28.979450225830078
2014-09-02,29.291458129882812
2014-09-03,29.33574676513672
2014-09-04,29.515886306762695
2014-09-05,29.746784210205078
2014-09-08,29.938365936279297
2014-09-09,29.457664489746094
2014-09-10,29.529817581176758
2014-09-11,29.414867401123047
2014-09-12,29.105846405029297
2014-09-15,28.943620681762695
2014-09-16,29.298921585083008
2014-09-17,29.52334976196289
2014-09-18,29.721403121948242
2014-09-19,30.1259708404541
2014-09-22,29.721403121948242
2014-09-23,29.418352127075195
2014-09-24,29.778627395629883
2014-09-25,29.123266220092773
2014-09-26,29.2551326751709
2014-09-29,29.250654220581055
2014-09-30,29.2805118560791
2014-10-01,28.84360122680664
2014-10-02,28.905803680419922
2014-10-03,29.17302703857422
2014-10-06,29.249162673950195
2014-10-07,28.56841468811035
2014-10-08,29.04812240600586
2014-10-09,28.404699325561523
2014-10-10,27.62741470336914
2014-10-13,27.107898712158203
2014-10-14,27.3039608001709
2014-10-15,26.90785789489746
2014-10-16,26.71826171875
2014-10-17,26.02408218383789
2014-10-20,26.492340087890625
2014-10-21,26.773496627807617
2014-10-22,27.005388259887695
2014-10-23,27.55078125
2014-10-24,27.314411163330078
2014-10-27,27.363178253173828
2014-10-28,27.814022064208984
2014-10-29,27.789640426635742
2014-10-30,27.880205154418945
2014-10-31,28.25839614868164
2014-11-03,28.054372787475586
2014-11-04,28.075273513793945
2014-11-05,27.66523551940918
2014-11-06,27.4532470703125
2014-11-07,27.459714889526367
2014-11-10,27.7786922454834
2014-11-11,27.93096351623535
2014-11-12,27.779687881469727
2014-11-13,27.689617156982422
2014-11-14,27.62741470336914
2014-11-17,27.201948165893555
2014-11-18,27.09595489501953
2014-11-19,27.229816436767578
2014-11-20,27.05863380432129
2014-11-21,27.164627075195312
2014-11-24,27.243749618530273
2014-11-25,27.330833435058594
2014-11-26,27.256187438964844
2014-11-28,27.323368072509766
2014-12-01,26.854110717773438
2014-12-02,26.80136489868164
2014-12-03,26.720748901367188
2014-12-04,26.99991226196289
2014-12-05,26.278362274169922
2014-12-08,26.410236358642578
2014-12-09,26.677953720092773
2014-12-10,26.27637481689453
2014-12-11,26.47890281677246
2014-12-12,25.951427459716797
2014-12-15,25.66927719116211
2014-12-16,24.78948211669922
2014-12-17,25.202011108398438
2014-12-18,25.608566284179688
2014-12-19,25.878276824951172
2014-12-22,26.488359451293945
2014-12-23,26.810321807861328
2014-12-24,26.718759536743164
2014-12-26,26.947166442871094
2014-12-29,26.737667083740234
2014-12-30,26.63665199279785
2014-12-31,26.40675163269043
2015-01-02,26.35151481628418
2015-01-05,25.849414825439453
2015-01-06,25.21146583557129
2015-01-07,25.13732147216797
2015-01-08,25.22490119934082
2015-01-09,24.916872024536133
2015-01-12,24.7347469329834
2015-01-13,24.970617294311523
2015-01-14,25.176132202148438
2015-01-15,25.080591201782227
2015-01-16,25.40155601501465
2015-01-20,25.37567901611328
2015-01-21,25.895694732666016
2015-01-22,26.737171173095703
2015-01-23,26.968563079833984
2015-01-26,26.708311080932617
2015-01-27,25.935503005981445
2015-01-28,25.499588012695312
2015-01-29,25.539398193359375
2015-01-30,26.74961280822754
2015-02-02,26.48338508605957
2015-02-03,26.538124084472656
2015-02-04,26.17983627319336
2015-02-05,26.365449905395508
2015-02-06,26.566986083984375
2015-02-09,26.338077545166016
2015-02-10,26.87948989868164
2015-02-11,26.772003173828125
2015-02-12,27.17059898376465
2015-02-13,27.4268741607666
2015-02-17,27.12083625793457
2015-02-18,27.00339698791504
2015-02-19,27.192495346069336
2015-02-20,26.961101531982422
2015-02-23,26.622718811035156
2015-02-24,26.804349899291992
2015-02-25,27.236284255981445
2015-02-26,27.83144187927246
2015-02-27,27.997644424438477
2015-03-02,28.614194869995117
2015-03-03,28.801801681518555
2015-03-04,28.778907775878906
2015-03-05,28.93317413330078
2015-03-06,28.50870132446289
2015-03-09,28.56841468811035
2015-03-10,27.85930633544922
2015-03-11,27.65229606628418
2015-03-12,27.924991607666016
2015-03-13,27.518436431884766
2015-03-16,27.948381423950195
2015-03-17,27.747838973999023
2015-03-18,28.17330551147461
2015-03-19,28.04939842224121
2015-03-20,28.11309242248535
2015-03-23,28.13399314880371
2015-03-24,28.739599227905273
2015-03-25,28.215105056762695
2015-03-26,28.04790496826172
2015-03-27,27.744853973388672
2015-03-30,27.923498153686523
2015-03-31,27.603031158447266
2015-04-01,27.34377098083496
2015-04-02,26.93671417236328
2015-04-06,27.06808853149414
2015-04-07,27.113372802734375
2015-04-08,27.311424255371094
2015-04-09,27.270620346069336
2015-04-10,27.29649543762207
2015-04-13,27.301471710205078
2015-04-14,26.860580444335938
2015-04-15,26.923280715942383
2015-04-16,27.04669189453125
2015-04-17,26.510255813598633
2015-04-20,27.096952438354492
2015-04-21,27.01683235168457
2015-04-22,27.328344345092773
2015-04-23,27.740373611450195
2015-04-24,28.546520233154297
2015-04-27,28.171316146850586
2015-04-28,28.084230422973633
2015-04-29,27.93593978881836
2015-04-30,27.307939529418945
2015-05-01,27.4268741607666
2015-05-04,27.510475158691406
2015-05-05,27.022804260253906
2015-05-06,26.626699447631836
2015-05-07,26.973041534423828
2015-05-08,27.3169002532959
2015-05-11,27.15915298461914
2015-05-12,26.808332443237305
2015-05-13,26.84615135192871
2015-05-14,27.32933807373047
2015-05-15,27.19448471069336
2015-05-18,27.203439712524414
2015-05-19,27.333322525024414
2015-05-20,27.49405288696289
2015-05-21,27.70802879333496
2015-05-22,27.594072341918945
2015-05-26,27.229320526123047
2015-05-27,27.580636978149414
2015-05-28,27.5771541595459
2015-05-29,27.136262893676758
2015-06-01,27.329837799072266
2015-06-02,27.56570816040039
2015-06-03,27.63239097595215
2015-06-04,27.4532470703125
2015-06-05,27.345762252807617
2015-06-08,27.044700622558594
2015-06-09,26.979015350341797
2015-06-10,27.498531341552734
2015-06-11,27.371139526367188
2015-06-12,27.243249893188477
2015-06-15,27.020816802978516
2015-06-16,27.11387062072754
2015-06-17,27.19995880126953
2015-06-18,27.676679611206055
2015-06-19,27.74336051940918
2015-06-22,27.850845336914062
2015-06-23,28.035463333129883
2015-06-24,27.795608520507812
2015-06-25,27.76475715637207
2015-06-26,27.521421432495117
2015-06-29,26.93372917175293
2015-06-30,26.873519897460938
2015-07-01,27.03574562072754
2015-07-02,27.23678207397461
2015-07-06,27.151193618774414
2015-07-07,27.370641708374023
2015-07-08,26.956125259399414
2015-07-09,27.102922439575195
2015-07-10,27.673194885253906
2015-07-13,28.45047950744629
2015-07-14,29.070018768310547
2015-07-15,29.05906867980957
2015-07-16,29.945831298828125
2015-07-17,34.814552307128906
2015-07-20,34.47716522216797
2015-07-21,34.60206985473633
2015-07-22,34.58962631225586
2015-07-23,33.57597351074219
2015-07-24,32.582725524902344
2015-07-27,32.756893157958984
2015-07-28,32.8260612487793
2015-07-29,32.91413879394531
2015-07-30,33.06989669799805
2015-07-31,32.71857833862305
2015-08-03,33.07785415649414
2015-08-04,32.90667724609375
2015-08-05,33.50431823730469
2015-08-06,33.34806442260742
2015-08-07,33.06143569946289
2015-08-10,32.999237060546875
2015-08-11,34.35076904296875
2015-08-12,34.408992767333984
2015-08-13,34.16217041015625
2015-08-14,34.30448913574219
2015-08-17,34.540367126464844
2015-08-18,34.27264404296875
2015-08-19,34.53688049316406
2015-08-20,33.81234359741211
2015-08-21,32.04827880859375
2015-08-24,30.75844383239746
2015-08-25,30.4777889251709
2015-08-26,32.83004379272461
2015-08-27,33.23908615112305
2015-08-28,32.827552795410156
2015-08-31,32.23687744140625
2015-09-01,31.328224182128906
2015-09-02,32.09206771850586
2015-09-03,31.700939178466797
2015-09-04,31.29836654663086
2015-09-08,32.04081344604492
2015-09-09,32.01742935180664
2015-09-10,32.39910125732422
2015-09-11,32.609100341796875
2015-09-14,32.46826934814453
2015-09-15,33.09527587890625
2015-09-16,33.1176643371582
2015-09-17,33.42369842529297
2015-09-18,32.88875961303711
2015-09-21,33.19031524658203
2015-09-22,32.50459289550781
2015-09-23,32.50907897949219
2015-09-24,32.58969497680664
2015-09-25,31.855201721191406
2015-09-28,31.063982009887695
2015-09-29,30.98237419128418
2015-09-30,31.766626358032227
2015-10-01,31.947261810302734
2015-10-02,32.69319152832031
2015-10-05,33.424198150634766
2015-10-06,33.422210693359375
2015-10-07,33.340599060058594
2015-10-08,33.191314697265625
2015-10-09,33.402305603027344
2015-10-12,33.66057205200195
2015-10-13,33.995967864990234
2015-10-14,33.85862731933594
2015-10-15,34.48612594604492
2015-10-16,34.60057830810547
2015-10-19,34.83097457885742
2015-10-20,33.83822250366211
2015-10-21,33.430171966552734
2015-10-22,33.89495086669922
2015-10-23,35.79536819458008
2015-10-26,36.382057189941406
2015-10-27,36.466651916503906
2015-10-28,36.67068099975586
2015-10-29,37.06529235839844
2015-10-30,36.694068908691406
2015-11-02,37.2091064453125
2015-11-03,37.262847900390625
2015-11-04,37.5858039855957
2015-11-05,37.85253143310547
2015-11-06,37.89881134033203
2015-11-09,37.55893325805664
2015-11-10,37.732601165771484
2015-11-11,38.080440521240234
2015-11-12,37.646514892578125
2015-11-13,36.82743453979492
2015-11-16,37.34246826171875
2015-11-17,37.121524810791016
2015-11-18,37.81968688964844
2015-11-19,37.81620407104492
2015-11-20,38.66514205932617
2015-11-23,38.65021514892578
2015-11-24,38.298397064208984
2015-11-25,38.27998733520508
2015-11-27,38.41484069824219
2015-11-30,37.96101379394531
2015-12-01,39.003028869628906
2015-12-02,38.70744323730469
2015-12-03,38.227237701416016
2015-12-04,38.77511215209961
2015-12-07,38.46560287475586
2015-12-08,38.57258224487305
2015-12-09,37.946083068847656
2015-12-10,37.82117462158203
2015-12-11,37.34246826171875
2015-12-14,37.94558334350586
2015-12-15,37.82366943359375
2015-12-16,38.64474105834961
2015-12-17,38.308349609375
2015-12-18,37.662437438964844
2015-12-21,37.85900115966797
2015-12-22,38.17399215698242
2015-12-23,38.24266052246094
2015-12-24,38.109798431396484
2015-12-28,38.92589569091797
2015-12-29,39.50910949707031
2015-12-30,39.32698059082031
2015-12-31,38.71540069580078
2016-01-04,37.79132080078125
2016-01-05,37.895328521728516
2016-01-06,37.785850524902344
2016-01-07,36.87371063232422
2016-01-08,36.37160873413086
2016-01-11,36.479095458984375
2016-01-12,37.08967590332031
2016-01-13,35.80730438232422
2016-01-14,36.39549255371094
2016-01-15,35.35546875
2016-01-19,35.782920837402344
2016-01-20,35.75704574584961
2016-01-21,36.16061782836914
2016-01-22,37.09564971923828
2016-01-25,36.50646209716797
2016-01-26,36.514923095703125
2016-01-27,35.708282470703125
2016-01-28,37.23697280883789
2016-01-29,37.88637161254883
2016-02-01,38.35512924194336
2016-02-02,38.85971450805664
2016-02-03,37.29071807861328
2016-02-04,36.32781982421875
2016-02-05,35.02056884765625
2016-02-08,35.04047393798828
2016-02-09,34.884220123291016
2016-02-10,35.1743278503418
2016-02-11,35.14995193481445
2016-02-12,35.17633056640625
2016-02-16,35.711265563964844
2016-02-17,36.42435836791992
2016-02-18,35.704795837402344
2016-02-19,35.93370056152344
2016-02-22,36.279048919677734
2016-02-23,35.693843841552734
2016-02-24,35.87348556518555
2016-02-25,36.282535552978516
2016-02-26,36.07054901123047
2016-02-29,35.69036102294922
2016-03-01,36.93193054199219
2016-03-02,36.79806900024414
2016-03-03,36.40544509887695
2016-03-04,36.33727264404297
2016-03-07,35.47041702270508
2016-03-08,35.50674057006836
2016-03-09,36.09791946411133
2016-03-10,36.4343147277832
2016-03-11,37.066287994384766
2016-03-14,37.33351516723633
2016-03-15,37.34993362426758
2016-03-16,37.68781661987305
2016-03-17,37.74354934692383
2016-03-18,37.59077835083008
2016-03-21,37.926673889160156
2016-03-22,37.82167434692383
2016-03-23,37.69776916503906
2016-03-24,37.56241989135742
2016-03-28,37.48478698730469
2016-03-29,38.11228561401367
2016-03-30,38.23419952392578
2016-03-31,37.963497161865234
2016-04-01,38.300384521484375
2016-04-04,38.073970794677734
2016-04-05,37.74802780151367
2016-04-06,38.220767974853516
2016-04-07,37.82516098022461
2016-04-08,37.79281234741211
2016-04-11,37.69676971435547
2016-04-12,38.03416061401367
2016-04-13,38.41185760498047
2016-04-14,38.58502960205078
2016-04-15,38.814430236816406
2016-04-18,39.19660186767578
2016-04-19,38.62782669067383
2016-04-20,38.561641693115234
2016-04-21,38.814430236816406
2016-04-22,36.712974548339844
2016-04-25,36.933921813964844
2016-04-26,36.09592819213867
2016-04-27,35.901363372802734
2016-04-28,35.08525466918945
2016-04-29,35.225589752197266
2016-05-02,35.550537109375
2016-05-03,35.253456115722656
2016-05-04,35.39925765991211
2016-05-05,35.56546401977539
2016-05-06,36.08647155761719
2016-05-09,36.28303146362305
2016-05-10,36.793094635009766
2016-05-11,36.353694915771484
2016-05-12,36.23028564453125
2016-05-13,36.069053649902344
2016-05-16,36.34125518798828
2016-05-17,35.83816146850586
2016-05-18,35.91728210449219
2016-05-19,35.59531784057617
2016-05-20,35.913795471191406
2016-05-23,35.69186019897461
2016-05-24,36.477108001708984
2016-05-25,36.72939682006836
2016-05-26,36.671180725097656
2016-05-27,37.20214080810547
2016-05-31,37.26434326171875
2016-06-01,37.244937896728516
2016-06-02,37.036434173583984
2016-06-03,36.6179313659668
2016-06-06,36.329307556152344
2016-06-07,36.38056564331055
2016-06-08,36.96975326538086
2016-06-09,36.94934844970703
2016-06-10,36.485069274902344
2016-06-13,36.419883728027344
2016-06-14,36.48805236816406
2016-06-15,36.435302734375
2016-06-16,36.04019546508789
2016-06-17,35.044952392578125
2016-06-20,35.13850402832031
2016-06-21,35.275352478027344
2016-06-22,35.354469299316406
2016-06-23,35.57342529296875
2016-06-24,34.096981048583984
2016-06-27,33.89495086669922
2016-06-28,34.39854049682617
2016-06-29,34.59410858154297
2016-06-30,35.00912094116211
2016-07-01,35.34352111816406
2016-07-05,35.07680130004883
2016-07-06,35.27983093261719
2016-07-07,35.194732666015625
2016-07-08,35.718231201171875
2016-07-11,36.18699264526367
2016-07-12,36.451229095458984
2016-07-13,36.30044937133789
2016-07-14,36.61494445800781
2016-07-15,36.606483459472656
2016-07-18,37.480804443359375
2016-07-19,37.49125671386719
2016-07-20,37.67388153076172
2016-07-21,37.541015625
2016-07-22,37.78335952758789
2016-07-25,37.695777893066406
2016-07-26,37.702247619628906
2016-07-27,37.91721725463867
2016-07-28,38.109798431396484
2016-07-29,39.37873458862305
2016-08-01,39.856449127197266
2016-08-02,39.815643310546875
2016-08-03,39.75593185424805
2016-08-04,39.672828674316406
2016-08-05,40.15452194213867
2016-08-08,40.06993103027344
2016-08-09,40.18189239501953
2016-08-10,40.232154846191406
2016-08-11,40.21772003173828
2016-08-12,40.16049575805664
2016-08-15,40.106258392333984
2016-08-16,39.86888885498047
2016-08-17,40.079383850097656
2016-08-18,39.9465217590332
2016-08-19,39.79225540161133
2016-08-22,39.657894134521484
2016-08-23,39.639984130859375
2016-08-24,39.49119567871094
2016-08-25,39.376739501953125
2016-08-26,39.47228240966797
2016-08-29,39.60166549682617
2016-08-30,39.407596588134766
2016-08-31,39.304588317871094
2016-09-01,39.381717681884766
2016-09-02,39.65391159057617
2016-09-06,40.20876693725586
2016-09-07,40.207271575927734
2016-09-08,39.95099639892578
2016-09-09,39.236412048339844
2016-09-12,39.750953674316406
2016-09-13,39.248355865478516
2016-09-14,39.334938049316406
2016-09-15,39.870880126953125
2016-09-16,39.708656311035156
2016-09-19,39.58026885986328
2016-09-20,39.79872512817383
2016-09-21,40.059974670410156
2016-09-22,40.60337448120117
2016-09-23,40.554115295410156
2016-09-26,39.9415397644043
2016-09-27,40.3436164855957
2016-09-28,40.31027603149414
2016-09-29,39.94104766845703
2016-09-30,40.01170349121094
2016-10-03,39.82858657836914
2016-10-04,39.94850540161133
2016-10-05,39.870880126953125
2016-10-06,39.96294021606445
2016-10-07,39.84500503540039
2016-10-10,40.514801025390625
2016-10-11,40.28589630126953
2016-10-12,40.3953742980957
2016-10-13,40.01270294189453
2016-10-14,40.03857421875
2016-10-17,40.15004348754883
2016-10-18,40.879058837890625
2016-10-19,41.145286560058594
2016-10-20,40.88602828979492
2016-10-21,41.00694274902344
2016-10-24,41.58816909790039
2016-10-25,41.23038101196289
2016-10-26,40.90941619873047
2016-10-27,40.67304229736328
2016-10-28,40.78302001953125
2016-10-31,40.30231475830078
2016-11-01,40.082366943359375
2016-11-02,39.233428955078125
2016-11-03,38.92341232299805
2016-11-04,38.869171142578125
2016-11-07,39.91069030761719
2016-11-08,40.40582275390625
2016-11-09,40.08783721923828
2016-11-10,38.828861236572266
2016-11-11,38.403892517089844
2016-11-14,37.4818000793457
2016-11-15,38.57358169555664
2016-11-16,38.81343460083008
2016-11-17,39.12096405029297
2016-11-18,38.6138916015625
2016-11-21,39.053287506103516
2016-11-22,39.06324005126953
2016-11-23,38.76466751098633
2016-11-25,38.82587814331055
2016-11-28,39.10255432128906
2016-11-29,39.28418731689453
2016-11-30,38.609405517578125
2016-12-01,38.03466033935547
2016-12-02,38.04113006591797
2016-12-05,38.725852966308594
2016-12-06,38.62434005737305
2016-12-07,39.38520431518555
2016-12-08,39.56932067871094
2016-12-09,40.2799186706543
2016-12-12,40.20279312133789
2016-12-13,40.573020935058594
2016-12-14,40.69991683959961
2016-12-15,40.58845138549805
2016-12-16,40.29933166503906
2016-12-19,40.431697845458984
2016-12-20,40.5660514831543
2016-12-21,40.41676712036133
2016-12-22,40.2913703918457
2016-12-23,40.19781494140625
2016-12-27,40.30380630493164
2016-12-28,40.037086486816406
2016-12-29,39.95298767089844
2016-12-30,39.43397521972656
2017-01-03,40.20826721191406
2017-01-04,40.19632339477539
2017-01-05,40.45757293701172
2017-01-06,41.06417465209961
2017-01-09,41.162200927734375
2017-01-10,41.10398483276367
2017-01-11,41.29556655883789
2017-01-12,41.279144287109375
2017-01-13,41.34931182861328
2017-01-17,41.1761360168457
2017-01-18,41.25376892089844
2017-01-19,41.02237319946289
2017-01-20,41.21147537231445
2017-01-23,42.02060317993164
2017-01-24,42.27438735961914
2017-01-25,42.718265533447266
2017-01-26,42.64511489868164
2017-01-27,42.05045700073242
2017-01-30,40.99550247192383
2017-01-31,40.814369201660156
2017-02-01,40.568050384521484
2017-02-02,40.718326568603516
2017-02-03,40.81138610839844
2017-02-06,40.885528564453125
2017-02-07,41.26422119140625
2017-02-08,41.29656219482422
2017-02-09,41.30551528930664
2017-02-10,41.543880462646484
2017-02-13,41.74840545654297
2017-02-14,41.8016471862793
2017-02-15,41.66679382324219
2017-02-16,41.90814208984375
2017-02-17,42.1260986328125
2017-02-21,42.261451721191406
2017-02-22,42.365455627441406
2017-02-23,42.347537994384766
2017-02-24,42.18879699707031
2017-02-27,42.28135681152344
2017-02-28,42.04548263549805
2017-03-01,42.63367462158203
2017-03-02,42.290313720703125
2017-03-03,42.25199508666992
2017-03-06,42.161922454833984
2017-03-07,42.355003356933594
2017-03-08,42.478912353515625
2017-03-09,42.68790817260742
2017-03-10,42.86556625366211
2017-03-13,43.02330780029297
2017-03-14,43.08949279785156
2017-03-15,43.21289825439453
2017-03-16,43.29301834106445
2017-03-17,43.410953521728516
2017-03-20,43.18901443481445
2017-03-21,42.30474090576172
2017-03-22,42.28782272338867
2017-03-23,41.782737731933594
2017-03-24,41.558311462402344
2017-03-27,41.72600555419922
2017-03-28,41.83150863647461
2017-03-29,42.29130554199219
2017-03-30,42.27190017700195
2017-03-31,42.188297271728516
2017-04-03,42.63367462158203
2017-04-04,42.42566680908203
2017-04-05,42.243534088134766
2017-04-06,42.0539436340332
2017-04-07,41.90465545654297
2017-04-10,41.88475036621094
2017-04-11,41.79418182373047
2017-04-12,41.87281036376953
2017-04-13,41.80910873413086
2017-04-17,42.55305480957031
2017-04-18,42.49633026123047
2017-04-19,42.621726989746094
2017-04-20,42.799381256103516
2017-04-21,42.74314498901367
2017-04-24,43.73739242553711
2017-04-25,44.230533599853516
2017-04-26,44.24546813964844
2017-04-27,44.35991668701172
2017-04-28,46.00605010986328
2017-05-01,46.419071197509766
2017-05-02,46.631553649902344
2017-05-03,47.19685363769531
2017-05-04,47.50886535644531
2017-05-05,47.28791809082031
2017-05-08,47.706417083740234
2017-05-09,47.607887268066406
2017-05-10,47.514835357666016
2017-05-11,47.56708526611328
2017-05-12,47.529762268066406
2017-05-15,47.7327880859375
2017-05-16,48.001007080078125
2017-05-17,46.88434982299805
2017-05-18,47.29887008666992
2017-05-19,47.50537872314453
2017-05-22,47.97414016723633
2017-05-23,48.29659652709961
2017-05-24,48.64791488647461
2017-05-25,49.357025146484375
2017-05-26,49.427188873291016
2017-05-30,49.571502685546875
2017-05-31,49.11966323852539
2017-06-01,49.179378509521484
2017-06-02,49.56901168823242
2017-06-05,49.955169677734375
2017-06-06,49.59687805175781
2017-06-07,49.836734771728516
2017-06-08,49.975074768066406
2017-06-09,48.27519989013672
2017-06-12,47.86167907714844
2017-06-13,48.29411315917969
2017-06-14,48.16621780395508
2017-06-15,47.78056335449219
2017-06-16,47.70293426513672
2017-06-19,48.528987884521484
2017-06-20,48.21896743774414
2017-06-21,48.69668197631836
2017-06-22,48.598655700683594
2017-06-23,49.06990051269531
2017-06-26,48.37322998046875
2017-06-27,47.17893981933594
2017-06-28,47.821868896484375
2017-06-29,46.66788101196289
2017-06-30,46.262821197509766
2017-07-03,45.75425338745117
2017-07-05,46.391204833984375
2017-07-06,46.16379165649414
2017-07-07,46.816673278808594
2017-07-10,47.32374572753906
2017-07-11,47.449642181396484
2017-07-12,48.15278244018555
2017-07-13,48.212005615234375
2017-07-14,48.61308670043945
2017-07-17,48.56581115722656
2017-07-18,49.112693786621094
2017-07-19,49.402313232421875
2017-07-20,49.37344741821289
2017-07-21,49.45555877685547
2017-07-24,49.67799377441406
2017-07-25,48.2209587097168
2017-07-26,48.03584289550781
2017-07-27,47.398887634277344
2017-07-28,47.68850326538086
2017-07-31,47.05005645751953
2017-08-01,47.102806091308594
2017-08-02,47.15654754638672
2017-08-03,46.791290283203125
2017-08-04,47.06448745727539
2017-08-07,47.062496185302734
2017-08-08,46.98487091064453
2017-08-09,46.78034210205078
2017-08-10,45.95977020263672
2017-08-11,46.283226013183594
2017-08-14,46.723121643066406
2017-08-15,46.680816650390625
2017-08-16,46.98884582519531
2017-08-17,46.16230010986328
2017-08-18,46.08864974975586
2017-08-21,45.82441711425781
2017-08-22,46.79627227783203
2017-08-23,46.904754638671875
2017-08-24,46.621604919433594
2017-08-25,46.303627014160156
2017-08-28,46.185691833496094
2017-08-29,46.56486892700195
2017-08-30,46.957000732421875
2017-08-31,47.53474044799805
2017-09-01,47.373008728027344
2017-09-05,46.85000991821289
2017-09-06,46.87688446044922
2017-09-07,47.26851272583008
2017-09-08,46.846527099609375
2017-09-11,46.94007873535156
2017-09-12,47.10728454589844
2017-09-13,47.29588317871094
2017-09-14,46.7828369140625
2017-09-15,46.5419807434082
2017-09-18,46.26630401611328
2017-09-19,46.620113372802734
2017-09-20,47.15156936645508
2017-09-21,47.152069091796875
2017-09-22,46.93859100341797
2017-09-25,46.49172592163086
2017-09-26,46.64847183227539
2017-09-27,47.76662826538086
2017-09-28,48.010963439941406
2017-09-29,48.45433807373047
2017-10-02,48.14332580566406
2017-10-03,48.37273025512695
2017-10-04,48.10899353027344
2017-10-05,49.02511215209961
2017-10-06,49.44560623168945
2017-10-09,49.379425048828125
2017-10-10,49.154991149902344
2017-10-11,50.043243408203125
2017-10-12,50.043243408203125
2017-10-13,50.15372085571289
2017-10-16,50.22736358642578
2017-10-17,50.309471130371094
2017-10-18,50.39605712890625
2017-10-19,49.85365295410156
2017-10-20,50.01438522338867
2017-10-23,49.04253387451172
2017-10-24,49.189327239990234
2017-10-25,49.33712387084961
2017-10-26,49.33512878417969
2017-10-27,51.43758010864258
2017-10-30,51.410709381103516
2017-10-31,51.40623092651367
2017-11-01,51.8819580078125
2017-11-02,51.90036392211914
2017-11-03,52.24969482421875
2017-11-06,51.88593673706055
2017-11-07,52.36912155151367
2017-11-08,52.6627197265625
2017-11-09,52.13673782348633
2017-11-10,51.95909118652344
2017-11-13,51.81229019165039
2017-11-14,51.83418273925781
2017-11-15,51.57392501831055
2017-11-16,52.1740608215332
2017-11-17,51.54804992675781
2017-11-20,51.48684310913086
2017-11-21,52.2651252746582
2017-11-22,52.34573745727539
2017-11-24,52.57464599609375
2017-11-27,53.345458984375
2017-11-28,52.911529541015625
2017-11-29,51.622196197509766
2017-11-30,51.561981201171875
2017-12-01,51.00962829589844
2017-12-04,50.35276412963867
2017-12-05,50.7374267578125
2017-12-06,51.39030456542969
2017-12-07,51.979984283447266
2017-12-08,52.21934127807617
2017-12-11,52.34822463989258
2017-12-12,52.18898391723633
2017-12-13,52.31936264038086
2017-12-14,52.621917724609375
2017-12-15,53.3449592590332
2017-12-18,53.996341705322266
2017-12-19,53.73210906982422
2017-12-20,53.42259216308594
2017-12-21,53.2877311706543
2017-12-22,53.18870544433594
2017-12-26,53.03892517089844
2017-12-27,52.75777053833008
2017-12-28,52.54628372192383
2017-12-29,52.41938400268555
2018-01-02,53.405174255371094
2018-01-03,54.31631851196289
2018-01-04,54.527305603027344
2018-01-05,55.25035095214844
2018-01-08,55.44541549682617
2018-01-09,55.374755859375
2018-01-10,55.24288558959961
2018-01-11,55.33793258666992
2018-01-12,56.26350784301758
2018-01-16,56.265995025634766
2018-01-17,56.683998107910156
2018-01-18,56.52824401855469
2018-01-19,56.902950286865234
2018-01-22,57.931034088134766
2018-01-23,58.5286750793457
2018-01-24,58.28583908081055
2018-01-25,58.82575988769531
2018-01-26,59.09546661376953
2018-01-29,59.041725158691406
2018-01-30,58.58839416503906
2018-01-31,58.829734802246094
2018-02-01,58.79838562011719
2018-02-02,55.693729400634766
2018-02-05,52.86674880981445
2018-02-06,53.9635009765625
2018-02-07,52.5194091796875
2018-02-08,50.145755767822266
2018-02-09,52.06458282470703
2018-02-12,52.477108001708984
2018-02-13,52.45621109008789
2018-02-14,53.37979507446289
2018-02-15,54.30835723876953
2018-02-16,54.514373779296875
2018-02-20,54.91694641113281
2018-02-21,55.42252731323242
2018-02-22,55.2309455871582
2018-02-23,56.1361198425293
2018-02-26,56.91290283203125
2018-02-27,55.60963439941406
2018-02-28,54.93336486816406
2018-03-01,53.31560134887695
2018-03-02,53.94907760620117
2018-03-05,54.47754669189453
2018-03-06,54.7830810546875
2018-03-07,55.48672103881836
2018-03-08,56.20030975341797
2018-03-09,57.76582717895508
2018-03-12,58.01911163330078
2018-03-13,56.72430419921875
2018-03-14,57.17116928100586
2018-03-15,57.25675582885742
2018-03-16,56.45111083984375
2018-03-19,54.741783142089844
2018-03-20,54.529296875
2018-03-21,54.439727783203125
2018-03-22,52.40694808959961
2018-03-23,51.083274841308594
2018-03-26,52.45372009277344
2018-03-27,50.10744094848633
2018-03-28,50.01985168457031
2018-03-29,51.610252380371094
2018-04-02,50.390586853027344
2018-04-03,50.69164276123047
2018-04-04,51.240516662597656
2018-04-05,51.38632583618164
2018-04-06,50.257225036621094
2018-04-09,50.76181411743164
2018-04-10,51.57840347290039
2018-04-11,51.009124755859375
2018-04-12,51.61771774291992
2018-04-13,51.555511474609375
2018-04-16,52.056121826171875
2018-04-17,53.711204528808594
2018-04-18,53.51365280151367
2018-04-19,54.21331024169922
2018-04-20,53.60969543457031
2018-04-23,53.435028076171875
2018-04-24,50.888702392578125
2018-04-25,50.90612030029297
2018-04-26,51.91728591918945
2018-04-27,51.32710266113281
2018-04-30,50.68667221069336
2018-05-01,51.789894104003906
2018-05-02,51.05839157104492
2018-05-03,51.070831298828125
2018-05-04,52.299957275390625
2018-05-07,52.720947265625
2018-05-08,52.67765426635742
2018-05-09,54.18842315673828
2018-05-10,55.010498046875
2018-05-11,54.906494140625
2018-05-14,55.066734313964844
2018-05-15,53.98540115356445
2018-05-16,53.94657897949219
2018-05-17,53.80575942993164
2018-05-18,53.22751998901367
2018-05-21,53.942604064941406
2018-05-22,53.50967025756836
2018-05-23,54.039634704589844
2018-05-24,54.014259338378906
2018-05-25,53.946083068847656
2018-05-29,53.14939498901367
2018-05-30,53.61716079711914
2018-05-31,54.738304138183594
2018-06-01,56.47997283935547
2018-06-04,57.377681732177734
2018-06-05,57.27716064453125
2018-06-06,57.07463073730469
2018-06-07,56.45111083984375
2018-06-08,56.36602020263672
2018-06-11,56.77356719970703
2018-06-12,57.136329650878906
2018-06-13,56.939273834228516
2018-06-14,57.72949981689453
2018-06-15,57.68769836425781
2018-06-18,58.89741516113281
2018-06-19,58.65407943725586
2018-06-20,58.92179870605469
2018-06-21,58.19377899169922
2018-06-22,58.186317443847656
2018-06-25,56.69295120239258
2018-06-26,56.36153793334961
2018-06-27,55.58126449584961
2018-06-28,56.070926666259766
2018-06-29,56.190853118896484
2018-07-02,56.83378219604492
2018-07-03,55.548423767089844
2018-07-05,56.792972564697266
2018-07-06,57.47919845581055
2018-07-09,58.0862922668457
2018-07-10,58.079322814941406
2018-07-11,58.29429626464844
2018-07-12,59.7772102355957
2018-07-13,59.93445587158203
2018-07-16,59.540836334228516
2018-07-17,60.365394592285156
2018-07-18,60.356937408447266
2018-07-19,59.66971969604492
2018-07-20,59.609012603759766
2018-07-23,60.26188659667969
2018-07-24,62.60817337036133
2018-07-25,63.49344253540039
2018-07-26,63.96916580200195
2018-07-27,62.3464241027832
2018-07-30,61.20935821533203
2018-07-31,61.069034576416016
2018-08-01,61.356163024902344
2018-08-02,61.76122283935547
2018-08-03,61.61343002319336
2018-08-06,61.58904266357422
2018-08-07,62.49322509765625
2018-08-08,62.76641845703125
2018-08-09,62.92217254638672
2018-08-10,62.327510833740234
2018-08-13,62.13493347167969
2018-08-14,62.6076774597168
2018-08-15,61.317840576171875
2018-08-16,60.91178512573242
2018-08-17,60.503238677978516
2018-08-20,60.806785583496094
2018-08-21,60.58086395263672
2018-08-22,60.796836853027344
2018-08-23,60.76747131347656
2018-08-24,61.54326248168945
2018-08-27,62.51462173461914
2018-08-28,61.99659729003906
2018-08-29,62.9316291809082
2018-08-30,62.42355728149414
2018-08-31,61.29694366455078
2018-09-04,60.277313232421875
2018-09-05,59.66971969604492
2018-09-06,58.91781997680664
2018-09-07,58.599342346191406
2018-09-10,58.47343826293945
2018-09-11,59.21638870239258
2018-09-12,58.301265716552734
2018-09-13,58.82575988769531
2018-09-14,58.618743896484375
2018-09-17,57.7155647277832
2018-09-18,58.07783508300781
2018-09-19,58.43412780761719
2018-09-20,59.295013427734375
2018-09-21,58.3271369934082
2018-09-24,58.69737243652344
2018-09-25,59.410465240478516
2018-09-26,59.41891860961914
2018-09-27,60.08075714111328
2018-09-28,60.06682586669922
2018-10-01,60.13897705078125
2018-10-02,60.094688415527344
2018-10-03,60.288265228271484
2018-10-04,58.573463439941406
2018-10-05,58.1136589050293
2018-10-08,57.52099609375
2018-10-09,56.986053466796875
2018-10-10,54.348167419433594
2018-10-11,54.277496337890625
2018-10-12,55.76041030883789
2018-10-15,54.859718322753906
2018-10-16,56.38442611694336
2018-10-17,56.111236572265625
2018-10-18,54.63429641723633
2018-10-19,54.99606704711914
2018-10-22,55.30409622192383
2018-10-23,55.480255126953125
2018-10-24,52.60449981689453
2018-10-25,54.91694641113281
2018-10-26,53.92966079711914
2018-10-29,51.490325927734375
2018-10-30,52.225807189941406
2018-10-31,54.26953887939453
2018-11-01,54.04063415527344
2018-11-02,53.319583892822266
2018-11-05,52.53532791137695
2018-11-06,53.224037170410156
2018-11-07,55.14833450317383
2018-11-08,54.47107696533203
2018-11-09,53.59476852416992
2018-11-12,52.218345642089844
2018-11-13,52.149173736572266
2018-11-14,52.47810363769531
2018-11-15,53.29768371582031
2018-11-16,53.15935134887695
2018-11-19,51.12656784057617
2018-11-20,51.27734375
2018-11-21,51.923255920410156
2018-11-23,51.25992965698242
2018-11-26,52.54578399658203
2018-11-27,52.363651275634766
2018-11-28,54.32975387573242
2018-11-29,54.46859359741211
2018-11-30,55.218502044677734
2018-12-03,55.552406311035156
2018-12-04,52.870731353759766
2018-12-06,53.64751052856445
2018-12-07,52.08000564575195
2018-12-10,52.40843963623047
2018-12-11,52.829925537109375
2018-12-12,53.43104934692383
2018-12-13,53.421592712402344
2018-12-14,52.33528518676758
2018-12-17,51.03848648071289
2018-12-18,51.922264099121094
2018-12-19,51.52665328979492
2018-12-20,50.93547821044922
2018-12-21,49.32666778564453
2018-12-24,48.99924087524414
2018-12-26,52.14320373535156
2018-12-27,52.39450454711914
2018-12-28,52.08498764038086
2018-12-31,51.999393463134766
2019-01-02,52.48308563232422
2019-01-03,51.0295295715332
2019-01-04,53.64701461791992
2019-01-07,53.54003143310547
2019-01-08,54.01028060913086
2019-01-09,53.825164794921875
2019-01-10,53.68483352661133
2019-01-11,52.970252990722656
2019-01-14,52.32533264160156
2019-01-15,54.06700897216797
2019-01-16,54.21629333496094
2019-01-17,54.69451141357422
2019-01-18,55.1015625
2019-01-22,53.67488098144531
2019-01-23,53.96250915527344
2019-01-24,53.942108154296875
2019-01-25,54.813438415527344
2019-01-28,53.73609161376953
2019-01-29,53.24842071533203
2019-01-30,54.63827896118164
2019-01-31,56.02663803100586
2019-02-01,55.66486740112305
2019-02-04,56.799442291259766
2019-02-05,57.3194580078125
2019-02-06,55.87735366821289
2019-02-07,55.03239440917969
2019-02-08,54.85673141479492
2019-02-11,54.84379577636719
2019-02-12,56.11073684692383
2019-02-13,56.162986755371094
2019-02-14,56.191349029541016
2019-02-15,55.71512985229492
2019-02-19,56.057491302490234
2019-02-20,55.762901306152344
2019-02-21,54.94779586791992
2019-02-22,55.56235885620117
2019-02-25,55.60067367553711
2019-02-26,55.83355712890625
2019-02-27,55.87735366821289
2019-02-28,56.05948257446289
2019-03-01,57.15275192260742
2019-03-04,57.3965950012207
2019-03-05,58.18133544921875
2019-03-06,57.969852447509766
2019-03-07,57.26869583129883
2019-03-08,57.224910736083984
2019-03-11,58.68244552612305
2019-03-12,59.577659606933594
2019-03-13,59.66773223876953
2019-03-14,59.34278106689453
2019-03-15,59.23181915283203
2019-03-18,59.14473342895508
2019-03-19,59.8369255065918
2019-03-20,61.02971267700195
2019-03-21,61.512413024902344
2019-03-22,60.09518814086914
2019-03-25,59.584129333496094
2019-03-26,59.20892333984375
2019-03-27,58.620243072509766
2019-03-28,58.33460235595703
2019-03-29,58.564510345458984
2019-04-01,59.66374969482422
2019-04-02,59.99019241333008
2019-04-03,60.252437591552734
2019-04-04,60.68238067626953
2019-04-05,60.28428268432617
2019-04-08,60.12654113769531
2019-04-09,59.848365783691406
2019-04-10,60.03547286987305
2019-04-11,60.19172668457031
2019-04-12,60.845603942871094
2019-04-15,61.034698486328125
2019-04-16,61.30241394042969
2019-04-17,61.71195602416992
2019-04-18,61.77814483642578
2019-04-22,62.38971710205078
2019-04-23,63.227210998535156
2019-04-24,62.70272445678711
2019-04-25,63.065486907958984
2019-04-26,63.56708526611328
2019-04-29,64.50162506103516
2019-04-30,59.66276168823242
2019-05-01,58.3868522644043
2019-05-02,58.047977447509766
2019-05-03,59.194496154785156
2019-05-06,59.389060974121094
2019-05-07,58.662540435791016
2019-05-08,58.26045608520508
2019-05-09,58.120628356933594
2019-05-10,58.104209899902344
2019-05-13,56.5590934753418
2019-05-14,55.97538375854492
2019-05-15,58.26145553588867
2019-05-16,58.94319534301758
2019-05-17,58.16093444824219
2019-05-20,56.96067428588867
2019-05-21,57.447349548339844
2019-05-22,57.51750946044922
2019-05-23,56.994510650634766
2019-05-24,56.659610748291016
2019-05-28,56.706886291503906
2019-05-29,55.730552673339844
2019-05-30,55.80370330810547
2019-05-31,55.06175231933594
2019-06-03,51.68987274169922
2019-06-04,52.47362518310547
2019-06-05,51.98346710205078
2019-06-06,52.138729095458984
2019-06-07,53.16432189941406
2019-06-10,53.88039779663086
2019-06-11,53.79480743408203
2019-06-12,53.698272705078125
2019-06-13,54.29093551635742
2019-06-14,54.05655288696289
2019-06-17,54.43425369262695
2019-06-18,54.99905014038086
2019-06-19,54.96272277832031
2019-06-20,55.3951530456543
2019-06-21,56.000762939453125
2019-06-24,55.5693244934082
2019-06-25,54.12025451660156
2019-06-26,53.75897979736328
2019-06-27,53.57535934448242
2019-06-28,53.88239288330078
2019-07-01,54.738304138183594
2019-07-02,55.36530303955078
2019-07-03,55.88233184814453
2019-07-05,56.3640251159668
2019-07-08,55.57380676269531
2019-07-09,55.947021484375
2019-07-10,56.774070739746094
2019-07-11,56.93181228637695
2019-07-12,56.994510650634766
2019-07-15,57.25178146362305
2019-07-16,57.39857864379883
2019-07-17,57.06418228149414
2019-07-18,57.08905792236328
2019-07-19,56.308292388916016
2019-07-22,56.6894645690918
2019-07-23,57.12936782836914
2019-07-24,56.7153434753418
2019-07-25,56.5267448425293
2019-07-26,61.96474838256836
2019-07-29,61.79655456542969
2019-07-30,61.10784912109375
2019-07-31,60.620174407958984
2019-08-01,60.30070495605469
2019-08-02,59.5313835144043
2019-08-05,57.46277618408203
2019-08-06,58.275390625
2019-08-07,58.51573944091797
2019-08-08,60.02253723144531
2019-08-09,59.162147521972656
2019-08-12,58.44557189941406
2019-08-13,59.551780700683594
2019-08-14,57.935516357421875
2019-08-15,58.187801361083984
2019-08-16,58.679954528808594
2019-08-19,59.73640060424805
2019-08-20,58.894927978515625
2019-08-21,59.295509338378906
2019-08-22,59.29252243041992
2019-08-23,57.40455627441406
2019-08-26,58.280357360839844
2019-08-27,58.262451171875
2019-08-28,58.40825653076172
2019-08-29,59.42788314819336
2019-08-30,59.24325942993164
2019-09-03,58.19925308227539
2019-09-04,58.83222961425781
2019-09-05,60.321109771728516
2019-09-06,60.02900695800781
2019-09-09,59.97675704956055
2019-09-10,59.99814987182617
2019-09-11,60.70975112915039
2019-09-12,61.454689025878906
2019-09-13,61.70648193359375
2019-09-16,61.288482666015625
2019-09-17,61.2014045715332
2019-09-18,61.339237213134766
2019-09-19,61.642784118652344
2019-09-20,61.199405670166016
2019-09-23,61.44075393676758
2019-09-24,60.626644134521484
2019-09-25,62.00058364868164
2019-09-26,61.81894302368164
2019-09-27,61.00584030151367
2019-09-30,60.766475677490234
2019-10-01,60.01308059692383
2019-10-02,58.615760803222656
2019-10-03,59.18852615356445
2019-10-04,60.2598991394043
2019-10-07,60.12504196166992
2019-10-08,59.22335433959961
2019-10-09,59.83393859863281
2019-10-10,60.18575668334961
2019-10-11,60.496273040771484
2019-10-14,60.59878158569336
2019-10-15,61.81645965576172
2019-10-16,61.85428237915039
2019-10-17,62.34194564819336
2019-10-18,61.92444610595703
2019-10-21,61.917972564697266
2019-10-22,61.76470947265625
2019-10-23,62.582298278808594
2019-10-24,62.655948638916016
2019-10-25,62.91421127319336
2019-10-28,64.14234161376953
2019-10-29,62.73308181762695
2019-10-30,62.73506546020508
2019-10-31,62.64051818847656
2019-11-01,63.309818267822266
2019-11-04,64.17369079589844
2019-11-05,64.2647476196289
2019-11-06,64.24335479736328
2019-11-07,65.03606414794922
2019-11-08,65.13858032226562
2019-11-11,64.6051254272461
2019-11-12,64.55187225341797
2019-11-13,64.50062561035156
2019-11-14,65.14604187011719
2019-11-15,66.35974884033203
2019-11-18,65.67798614501953
2019-11-19,65.31722259521484
2019-11-20,64.78327178955078
2019-11-21,64.69768524169922
2019-11-22,64.375732421875
2019-11-25,64.97137451171875
2019-11-26,65.33763122558594
2019-11-27,65.29432678222656
2019-11-29,64.89424133300781
2019-12-02,64.1363754272461
2019-12-03,64.42897033691406
2019-12-04,65.63320922851562
2019-12-05,66.03231048583984
2019-12-06,66.65084838867188
2019-12-09,66.82998657226562
2019-12-10,66.82501220703125
2019-12-11,66.89269256591797
2019-12-12,67.10368347167969
2019-12-13,67.0230712890625
2019-12-16,67.7112808227539
2019-12-17,67.42215728759766
2019-12-18,67.27386474609375
2019-12-19,67.4992904663086
2019-12-20,67.2395248413086
2019-12-23,67.21017456054688
2019-12-24,66.90164184570312
2019-12-26,67.79934692382812
2019-12-27,67.40972137451172
2019-12-30,66.66676330566406
2019-12-31,66.65084838867188
2020-01-02,68.1083755493164
2020-01-03,67.75208282470703
2020-01-06,69.55794525146484
2020-01-07,69.42359161376953
2020-01-08,69.917724609375
2020-01-09,70.65171813964844
2020-01-10,71.10803985595703
2020-01-13,71.65890502929688
2020-01-14,71.18914794921875
2020-01-15,71.61760711669922
2020-01-16,72.16300201416016
2020-01-17,73.6240005493164
2020-01-21,73.7598648071289
2020-01-22,73.8404769897461
2020-01-23,73.88127136230469
2020-01-24,72.95968627929688
2020-01-27,71.24588775634766
2020-01-28,72.17991638183594
2020-01-29,72.48843383789062
2020-01-30,72.36651611328125
2020-01-31,71.29813385009766
2020-02-03,73.77726745605469
2020-02-04,71.92662048339844
2020-02-05,71.95845794677734
2020-02-06,73.44735717773438
2020-02-07,73.60359191894531
2020-02-10,75.0740737915039
2020-02-11,75.14373779296875
2020-02-12,75.57020568847656
2020-02-13,75.30945587158203
2020-02-14,75.5751724243164
2020-02-18,75.61051177978516
2020-02-19,75.8807144165039
2020-02-20,75.48859405517578
2020-02-21,73.820068359375
2020-02-24,70.65519714355469
2020-02-25,68.9861831665039
2020-02-26,69.19268798828125
2020-02-27,65.43465423583984
2020-02-28,66.64388275146484
2020-03-02,68.9861831665039
2020-03-03,66.56774139404297
2020-03-04,68.75130462646484
2020-03-05,65.42520141601562
2020-03-06,64.47872924804688
2020-03-09,60.500247955322266
2020-03-10,63.45512390136719
2020-03-11,60.25691223144531
2020-03-12,55.31304931640625
2020-03-13,60.42461395263672
2020-03-16,53.39472198486328
2020-03-17,55.63700485229492
2020-03-18,54.29990005493164
2020-03-19,55.31902313232422
2020-03-20,53.15636444091797
2020-03-23,52.455711364746094
2020-03-24,56.231658935546875
2020-03-25,54.818912506103516
2020-03-26,57.86933135986328
2020-03-27,55.24885940551758
2020-03-30,57.04277801513672
2020-03-31,57.8210563659668
2020-04-01,54.842796325683594
2020-04-02,55.585750579833984
2020-04-03,54.37503433227539
2020-04-06,58.87800979614258
2020-04-07,58.84665298461914
2020-04-08,60.062843322753906
2020-04-09,60.041439056396484
2020-04-13,60.2325325012207
2020-04-14,62.96049118041992
2020-04-15,62.56587600708008
2020-04-16,62.57234191894531
2020-04-17,63.64570999145508
2020-04-20,62.75745391845703
2020-04-21,60.31961441040039
2020-04-22,62.62110900878906
2020-04-23,63.25606918334961
2020-04-24,63.52628707885742
2020-04-27,63.24065017700195
2020-04-28,61.33625411987305
2020-04-29,66.78968048095703
2020-04-30,67.01460266113281
2020-05-01,65.5525894165039
2020-05-04,65.83026123046875
2020-05-05,67.13005065917969
2020-05-06,66.95140838623047
2020-05-07,68.13822174072266
2020-05-08,68.88764953613281
2020-05-11,69.84556579589844
2020-05-12,68.43183135986328
2020-05-13,67.09571838378906
2020-05-14,67.52019500732422
2020-05-15,68.32633209228516
2020-05-18,68.92945098876953
2020-05-19,68.39302062988281
2020-05-20,70.12274169921875
2020-05-21,70.00282287597656
2020-05-22,70.3257827758789
2020-05-26,70.7303466796875
2020-05-27,70.67610168457031
2020-05-28,70.5745849609375
2020-05-29,71.33494567871094
2020-06-01,71.4021224975586
2020-06-02,71.77235412597656
2020-06-03,71.62007904052734
2020-06-04,70.37852478027344
2020-06-05,71.65840911865234
2020-06-08,72.0574951171875
2020-06-09,72.25852966308594
2020-06-10,72.88652801513672
2020-06-11,69.76148223876953
2020-06-12,70.30985260009766
2020-06-15,70.69898986816406
2020-06-16,71.9793701171875
2020-06-17,72.28142547607422
2020-06-18,71.36481475830078
2020-06-19,70.89306640625
2020-06-22,72.1878662109375
2020-06-23,72.85070037841797
2020-06-24,71.29414367675781
2020-06-25,71.71214294433594
2020-06-26,67.80284118652344
2020-06-29,69.5261001586914
2020-06-30,70.56513214111328
2020-07-01,71.75694274902344
2020-07-02,73.14678192138672
2020-07-06,74.62571716308594
2020-07-07,74.14153289794922
2020-07-08,74.82228088378906
2020-07-09,75.57170104980469
2020-07-10,76.58435821533203
2020-07-13,75.2517318725586
2020-07-14,75.68116760253906
2020-07-15,75.48311614990234
2020-07-16,75.38558959960938
2020-07-17,75.48162841796875
2020-07-20,77.8199462890625
2020-07-21,77.42582702636719
2020-07-22,77.87020874023438
2020-07-23,75.47664642333984
2020-07-24,75.05168914794922
2020-07-27,76.10762786865234
2020-07-28,74.82476806640625
2020-07-29,75.81304168701172
2020-07-30,76.5525131225586
2020-07-31,74.04350280761719
2020-08-03,73.78524017333984
2020-08-04,73.31449127197266
2020-08-05,73.60260772705078
2020-08-06,74.88945007324219
2020-08-07,74.56202697753906
2020-08-10,74.4848861694336
2020-08-11,73.67477416992188
2020-08-12,75.00341033935547
2020-08-13,75.47167205810547
2020-08-14,74.87354278564453
2020-08-17,75.4512710571289
2020-08-18,77.41886138916016
2020-08-19,76.86302185058594
2020-08-20,78.43749237060547
2020-08-21,78.4036636352539
2020-08-24,78.88037872314453
2020-08-25,79.91045379638672
2020-08-26,81.81533813476562
2020-08-27,81.03855895996094
2020-08-28,81.58145904541016
2020-08-31,81.08882141113281
2020-09-01,82.36023712158203
2020-09-02,85.4609146118164
2020-09-03,81.08782196044922
2020-09-04,78.68431854248047
2020-09-08,75.8175277709961
2020-09-09,76.99340057373047
2020-09-10,75.9394302368164
2020-09-11,75.42738342285156
2020-09-14,75.08252716064453
2020-09-15,76.39077758789062
2020-09-16,75.24475860595703
2020-09-17,73.99821472167969
2020-09-18,72.20927429199219
2020-09-21,71.16676330566406
2020-09-22,72.6436996459961
2020-09-23,70.13419342041016
2020-09-24,70.80448150634766
2020-09-25,71.61064147949219
2020-09-28,72.58596801757812
2020-09-29,72.95222473144531
2020-09-30,72.93132019042969
2020-10-01,74.04100799560547
2020-10-02,72.4336929321289
2020-10-05,73.7887191772461
2020-10-06,72.2057876586914
2020-10-07,72.60986328125
2020-10-08,73.8185806274414
2020-10-09,75.16314697265625
2020-10-12,77.85726928710938
2020-10-13,77.98067474365234
2020-10-14,77.80004119873047
2020-10-15,77.40343475341797
2020-10-16,78.01203155517578
2020-10-19,76.13350677490234
2020-10-20,77.18497467041016
2020-10-21,78.92217254638672
2020-10-22,79.95075988769531
2020-10-23,81.260498046875
2020-10-26,78.83757781982422
2020-10-27,79.56361389160156
2020-10-28,75.1805648803711
2020-10-29,77.4736099243164
2020-10-30,80.4209976196289
2020-11-02,80.82955932617188
2020-11-03,81.8914794921875
2020-11-04,86.87714385986328
2020-11-05,87.70568084716797
2020-11-06,87.5678482055664
2020-11-09,87.65193176269531
2020-11-10,86.47257995605469
2020-11-11,86.9458236694336
2020-11-12,86.72636413574219
2020-11-13,88.19136047363281
2020-11-16,88.27944946289062
2020-11-17,87.66387939453125
2020-11-18,86.61788177490234
2020-11-19,87.51011657714844
2020-11-20,86.40589904785156
2020-11-23,85.96699523925781
2020-11-24,87.77535247802734
2020-11-25,87.78679656982422
2020-11-27,88.92584991455078
2020-11-30,87.3026123046875
2020-12-01,89.34086608886719
2020-12-02,90.81431579589844
2020-12-03,90.6585693359375
2020-12-04,90.75411224365234
2020-12-07,90.4192123413086
2020-12-08,90.13556671142578
2020-12-09,88.47003173828125
2020-12-10,87.96194458007812
2020-12-11,88.31775665283203
2020-12-14,87.19612121582031
2020-12-15,87.63502502441406
2020-12-16,87.44144439697266
2020-12-17,86.61141204833984
2020-12-18,85.90030670166016
2020-12-21,86.3153305053711
2020-12-22,85.60173797607422
2020-12-23,86.00033569335938
2020-12-24,86.29542541503906
2020-12-28,88.27595520019531
2020-12-29,87.46981048583984
2020-12-30,86.39942932128906
2020-12-31,87.21503448486328
2021-01-04,85.89584350585938
2021-01-05,86.58853149414062
2021-01-06,85.73410034179688
2021-01-07,88.29486083984375
2021-01-08,89.46378326416016
2021-01-11,87.39665985107422
2021-01-12,86.45814514160156
2021-01-13,86.94681549072266
2021-01-14,86.13419342041016
2021-01-15,85.96998596191406
2021-01-19,88.79895782470703
2021-01-20,93.55621337890625
2021-01-21,93.75923919677734
2021-01-22,94.17774200439453
2021-01-25,94.2633285522461
2021-01-26,94.9435806274414
2021-01-27,90.5142593383789
2021-01-28,92.21910858154297
2021-01-29,90.93324279785156
2021-02-01,94.20311737060547
2021-02-02,95.49942016601562
2021-02-03,102.45416259765625
2021-02-04,102.19293212890625
2021-02-05,103.94454956054688
2021-02-08,103.73006439208984
2021-02-09,103.27574157714844
2021-02-10,103.82759857177734
2021-02-11,103.94056701660156
2021-02-12,104.25306701660156
2021-02-16,105.03285217285156
2021-02-17,105.42695617675781
2021-02-18,104.78950500488281
2021-02-19,103.94355010986328
2021-02-22,102.2242660522461
2021-02-23,102.515869140625
2021-02-24,103.69474029541016
2021-02-25,100.31787872314453
2021-02-26,100.61446380615234
2021-03-01,102.9906005859375
2021-03-02,102.73283386230469
2021-03-03,100.09196472167969
2021-03-04,101.21261596679688
2021-03-05,104.35458374023438
2021-03-08,99.89739990234375
2021-03-09,101.53257751464844
2021-03-10,101.3250732421875
2021-03-11,104.52725982666016
2021-03-12,102.01228332519531
2021-03-15,102.23323822021484
2021-03-16,103.69872283935547
2021-03-17,103.61561584472656
2021-03-18,100.58610534667969
2021-03-19,100.86576080322266
2021-03-22,101.05137634277344
2021-03-23,101.58084869384766
2021-03-24,101.14293670654297
2021-03-25,101.13946533203125
2021-03-26,100.75480651855469
2021-03-29,101.80278778076172
2021-03-30,101.83662414550781
2021-03-31,102.63529968261719
2021-04-01,105.98229217529297
2021-04-05,110.42008209228516
2021-04-06,109.93738555908203
2021-04-07,111.4188232421875
2021-04-08,111.9861068725586
2021-04-09,112.9932861328125
2021-04-12,111.69698333740234
2021-04-13,112.18515014648438
2021-04-14,111.56212615966797
2021-04-15,113.71881103515625
2021-04-16,113.59441375732422
2021-04-19,113.94324493408203
2021-04-20,113.4083023071289
2021-04-21,113.3754653930664
2021-04-22,112.09009552001953
2021-04-23,114.44933319091797
2021-04-26,114.94694519042969
2021-04-27,114.00395202636719
2021-04-28,117.39076232910156
2021-04-29,119.06873321533203
2021-04-30,117.11508178710938
2021-05-03,116.5965576171875
2021-05-04,114.79268646240234
2021-05-05,115.18779754638672
2021-05-06,116.3114242553711
2021-05-07,117.03694915771484
2021-05-10,114.04227447509766
2021-05-11,112.96292877197266
2021-05-12,109.4890365600586
2021-05-13,110.92169189453125
2021-05-14,113.376953125
2021-05-17,113.90143585205078
2021-05-18,112.58523559570312
2021-05-19,113.03458404541016
2021-05-20,114.79866027832031
2021-05-21,114.16069793701172
2021-05-24,117.49028778076172
2021-05-25,117.58135223388672
2021-05-26,118.44921112060547
2021-05-27,117.5718994140625
2021-05-28,117.28177642822266
2021-06-01,118.49248504638672
2021-06-02,117.96551513671875
2021-06-03,116.82048034667969
2021-06-04,119.10903930664062
2021-06-07,119.54347229003906
2021-06-08,119.35138702392578
2021-06-09,119.82412719726562
2021-06-10,121.17715454101562
2021-06-11,120.93183135986328
2021-06-14,121.86288452148438
2021-06-15,120.84175872802734
2021-06-16,120.19783782958984
2021-06-17,121.16422271728516
2021-06-18,119.53948211669922
2021-06-21,121.23289489746094
2021-06-22,121.74842071533203
2021-06-23,121.5458984375
2021-06-24,121.91712188720703
2021-06-25,121.92558288574219
2021-06-28,121.95294952392578
2021-06-29,121.69070434570312
2021-06-30,121.50857543945312
2021-07-01,121.86188507080078
2021-07-02,124.66149139404297
2021-07-06,125.58956146240234
2021-07-07,125.87220764160156
2021-07-08,124.44900512695312
2021-07-09,124.92125701904297
2021-07-12,126.37133026123047
2021-07-13,126.73558044433594
2021-07-14,127.62682342529297
2021-07-15,126.40068054199219
2021-07-16,126.36585235595703
2021-07-19,123.9852294921875
2021-07-20,125.60897064208984
2021-07-21,126.94210052490234
2021-07-22,127.81044006347656
2021-07-23,132.38209533691406
2021-07-26,133.39723205566406
2021-07-27,131.27239990234375
2021-07-28,135.44644165039062
2021-07-29,135.13143920898438
2021-07-30,134.08544921875
2021-08-02,134.21282958984375
2021-08-03,134.98464965820312
2021-08-04,134.48255920410156
2021-08-05,135.60317993164062
2021-08-06,135.09262084960938
2021-08-09,136.26153564453125
2021-08-10,136.1560516357422
2021-08-11,135.63055419921875
2021-08-12,136.5411834716797
2021-08-13,137.07215881347656
2021-08-16,137.65139770507812
2021-08-17,136.01121520996094
2021-08-18,134.8045196533203
2021-08-19,135.03440856933594
2021-08-20,136.77560424804688
2021-08-23,139.3751678466797
2021-08-24,140.58935546875
2021-08-25,141.4029541015625
2021-08-26,140.7675018310547
2021-08-27,143.31878662109375
2021-08-30,143.9025115966797
2021-08-31,144.0089874267578
2021-09-01,144.5245361328125
2021-09-02,142.60520935058594
2021-09-03,143.05555725097656
2021-09-07,143.593994140625
2021-09-08,143.00729370117188
2021-09-09,142.85800170898438
2021-09-10,140.2056884765625
2021-09-13,141.65525817871094
2021-09-14,141.86624145507812
2021-09-15,143.74229431152344
2021-09-16,142.9266815185547
2021-09-17,140.1300506591797
2021-09-20,138.0594482421875
2021-09-21,138.37144470214844
2021-09-22,139.6160125732422
2021-09-23,140.54408264160156
2021-09-24,141.53831481933594
2021-09-27,140.4007568359375
2021-09-28,135.18368530273438
2021-09-29,133.7142333984375
2021-09-30,133.03993225097656
2021-10-01,135.89329528808594
2021-10-04,133.02352905273438
2021-10-05,135.37576293945312
2021-10-06,136.91046142578125
2021-10-07,138.56256103515625
2021-10-08,139.12039184570312
2021-10-11,138.25302124023438
2021-10-12,135.79974365234375
2021-10-13,136.92733764648438
2021-10-14,140.47938537597656
2021-10-15,140.69534301757812
2021-10-18,142.09861755371094
2021-10-19,142.55545043945312
2021-10-20,141.09442138671875
2021-10-21,141.2108917236328
2021-10-22,136.91192626953125
2021-10-25,136.79299926757812
2021-10-26,138.6456298828125
2021-10-27,145.52175903320312
2021-10-28,145.15501403808594
2021-10-29,147.34156799316406
2021-11-01,142.814208984375
2021-11-02,144.74050903320312
2021-11-03,145.9004669189453
2021-11-04,147.56202697753906
2021-11-05,148.1437530517578
2021-11-08,148.32188415527344
2021-11-09,148.20993041992188
2021-11-10,145.1992950439453
2021-11-11,145.0729217529297
2021-11-12,147.97056579589844
2021-11-15,147.74563598632812
2021-11-16,147.17237854003906
2021-11-17,147.34254455566406
2021-11-18,149.1255340576172
2021-11-19,148.21786499023438
2021-11-22,145.60586547851562
2021-11-23,145.0883331298828
2021-11-24,145.4247283935547
2021-11-26,141.5064697265625
2021-11-29,144.83802795410156
2021-11-30,141.22235107421875
2021-12-01,140.38034057617188
2021-12-02,142.28573608398438
2021-12-03,141.32583618164062
2021-12-06,142.4738311767578
2021-12-07,146.56875610351562
2021-12-08,147.4813995361328
2021-12-09,146.93601989746094
2021-12-10,147.2972869873047
2021-12-13,145.13262939453125
2021-12-14,143.22227478027344
2021-12-15,145.74420166015625
2021-12-16,143.7576904296875
2021-12-17,141.0506591796875
2021-12-20,140.93321228027344
2021-12-21,142.78982543945312
2021-12-22,145.71832275390625
2021-12-23,146.2174530029297
2021-12-27,147.20274353027344
2021-12-28,145.98902893066406
2021-12-29,145.95718383789062
2021-12-30,145.50485229492188
2021-12-31,144.1627655029297
2022-01-03,144.30160522460938
2022-01-04,143.71243286132812
2022-01-05,137.11944580078125
2022-01-06,137.09207153320312
2022-01-07,136.36505126953125
2022-01-10,138.00967407226562
2022-01-11,139.0710906982422
2022-01-12,140.75755310058594
2022-01-13,137.92758178710938
2022-01-14,138.8168182373047
2022-01-18,135.35089111328125
2022-01-19,134.4735870361328
2022-01-20,132.67320251464844
2022-01-21,129.73126220703125
2022-01-24,130.18161010742188
2022-01-25,126.33101654052734
2022-01-26,128.6180877685547
2022-01-27,128.39117431640625
2022-01-28,132.71649169921875
2022-01-31,134.65969848632812
2022-02-01,136.98907470703125
2022-02-02,147.29580688476562
2022-02-03,142.40914916992188
2022-02-04,142.61119079589844
2022-02-07,138.5386505126953
2022-02-08,138.73573303222656
2022-02-09,140.91827392578125
2022-02-10,137.9604034423828
2022-02-11,133.6435546875
2022-02-14,134.8811492919922
2022-02-15,135.95848083496094
2022-02-16,137.08262634277344
2022-02-17,131.90834045410156
2022-02-18,129.7825164794922
2022-02-22,129.19581604003906
2022-02-23,126.98091125488281
2022-02-24,132.0596160888672
2022-02-25,133.81973266601562
2022-02-28,134.4143829345703
2022-03-01,133.42359924316406
2022-03-02,133.9311981201172
2022-03-03,133.26239013671875
2022-03-04,131.2788543701172
2022-03-07,125.77717590332031
2022-03-08,126.49971008300781
2022-03-09,132.78517150878906
2022-03-10,131.7993927001953
2022-03-11,129.25254821777344
2022-03-14,125.35169982910156
2022-03-15,128.58323669433594
2022-03-16,132.64633178710938
2022-03-17,133.20216369628906
2022-03-18,135.47779846191406
2022-03-21,135.4539031982422
2022-03-22,139.20248413085938
2022-03-23,137.6175537109375
2022-03-24,140.89837646484375
2022-03-25,140.9989013671875
2022-03-28,140.78244018554688
2022-03-29,141.82742309570312
2022-03-30,141.2631378173828
2022-03-31,138.40579223632812
2022-04-01,139.48362731933594
2022-04-04,142.2912139892578
2022-04-05,139.92205810546875
2022-04-06,135.89828491210938
2022-04-07,135.24191284179688
2022-04-08,132.65328979492188
2022-04-11,128.2105255126953
2022-04-12,127.1068115234375
2022-04-13,129.2759246826172
2022-04-14,126.12699890136719
2022-04-18,127.06898498535156
2022-04-19,129.39041137695312
2022-04-20,127.43075561523438
2022-04-21,124.2206039428711
2022-04-22,119.06625366210938
2022-04-25,122.48839569091797
2022-04-26,118.08544158935547
2022-04-27,113.75067138671875
2022-04-28,117.95854187011719
2022-04-29,113.56654357910156
2022-05-02,116.02827453613281
2022-05-03,116.77570343017578
2022-05-04,121.67926025390625
2022-05-05,115.9511489868164
2022-05-06,115.19574737548828
2022-05-09,111.97564697265625
2022-05-10,113.85067749023438
2022-05-11,113.06195831298828
2022-05-12,112.30706787109375
2022-05-13,115.4983139038086
2022-05-16,113.90044403076172
2022-05-17,115.91879272460938
2022-05-18,111.3670654296875
2022-05-19,109.85877227783203
2022-05-20,108.38978576660156
2022-05-23,110.95751190185547
2022-05-24,105.46577453613281
2022-05-25,105.30155944824219
2022-05-26,107.27960968017578
2022-05-27,111.78207397460938
2022-05-31,113.22069549560547
2022-06-01,113.35008239746094
2022-06-02,117.06283569335938
2022-06-03,113.9959945678711
2022-06-06,116.2646484375
2022-06-07,116.59208679199219
2022-06-08,116.63636779785156
2022-06-09,114.28910064697266
2022-06-10,110.632568359375
2022-06-13,105.88626861572266
2022-06-14,106.20772552490234
2022-06-15,109.24221801757812
2022-06-16,105.52897644042969
2022-06-17,106.63369750976562
2022-06-21,111.01325225830078
2022-06-22,110.95701599121094
2022-06-23,111.70792388916016
2022-06-24,117.41365051269531
2022-06-27,115.28234100341797
2022-06-28,111.47454071044922
2022-06-29,111.16999816894531
2022-06-30,108.44453430175781
2022-07-01,108.22010803222656
2022-07-05,112.72407531738281
2022-07-06,114.0268325805664
2022-07-07,118.21780395507812
2022-07-08,118.78559112548828
2022-07-11,115.12609100341797
2022-07-12,113.47795867919922
2022-07-13,110.82364654541016
2022-07-14,109.84235382080078
2022-07-15,111.24564361572266
2022-07-18,108.51121520996094
2022-07-19,113.26847076416016
2022-07-20,113.3580322265625
2022-07-21,113.79594421386719
2022-07-22,107.3865966796875
2022-07-25,106.99845123291016
2022-07-26,104.52029418945312
2022-07-27,112.52203369140625
2022-07-28,113.67652130126953
2022-07-29,115.76652526855469
2022-08-01,114.31346893310547
2022-08-02,114.58218383789062
2022-08-03,117.51815795898438
2022-08-04,117.62763214111328
2022-08-05,116.91105651855469
2022-08-08,116.74186706542969
2022-08-09,116.0750503540039
2022-08-10,119.13043975830078
2022-08-11,118.27452850341797
2022-08-12,121.10102081298828
2022-08-15,121.4991226196289
2022-08-16,121.12091827392578
2022-08-17,118.98116302490234
2022-08-18,119.59819793701172
2022-08-19,116.65229797363281
2022-08-22,113.69641876220703
2022-08-23,113.31822204589844
2022-08-24,113.1490478515625
2022-08-25,116.09495544433594
2022-08-26,109.81497955322266
2022-08-29,108.89935302734375
2022-08-30,108.42164611816406
2022-08-31,107.705078125
2022-09-01,109.21783447265625
2022-09-02,107.33682250976562
2022-09-06,106.30177307128906
2022-09-07,108.92921447753906
2022-09-08,107.86431121826172
2022-09-09,110.12350463867188
2022-09-12,110.33250427246094
2022-09-13,103.82362365722656
2022-09-14,104.5003890991211
2022-09-15,102.42033386230469
2022-09-16,102.31085968017578
2022-09-19,102.5795669555664
2022-09-20,100.65875244140625
2022-09-21,98.80760192871094
2022-09-22,99.66351318359375
2022-09-23,98.27017211914062
2022-09-26,97.702880859375
2022-09-27,97.03607177734375
2022-09-28,99.5739517211914
2022-09-29,96.95645141601562
2022-09-30,95.19487762451172
2022-10-03,98.170654296875
2022-10-04,101.1563720703125
2022-10-05,100.94738006591797
2022-10-06,100.93742370605469
2022-10-07,98.21046447753906
2022-10-10,97.39436340332031
2022-10-11,96.71759033203125
2022-10-12,97.09577941894531
2022-10-13,98.58865356445312
2022-10-14,96.10054779052734
2022-10-17,99.49433135986328
2022-10-18,100.29051208496094
2022-10-19,99.15594482421875
2022-10-20,99.49433135986328
2022-10-21,100.6488037109375
2022-10-24,102.03218841552734
2022-10-25,103.98286437988281
2022-10-26,94.47830963134766
2022-10-27,91.78120422363281
2022-10-28,95.83183288574219
2022-10-31,94.060302734375
2022-11-01,90.0395278930664
2022-11-02,86.55618286132812
2022-11-03,83.03302764892578
2022-11-04,86.16803741455078
2022-11-07,88.06893920898438
2022-11-08,88.47699737548828
2022-11-09,86.90451049804688
2022-11-10,93.4930191040039
2022-11-11,95.95126342773438
2022-11-14,95.24462890625
2022-11-15,97.97160339355469
2022-11-16,98.37965393066406
2022-11-17,97.89198303222656
2022-11-18,96.96641540527344
2022-11-21,95.14511108398438
2022-11-22,96.58822631835938
2022-11-23,97.99150848388672
2022-11-25,96.99626159667969
2022-11-28,95.59297943115234
2022-11-29,94.73707580566406
2022-11-30,100.50947570800781
2022-12-01,100.50947570800781
2022-12-02,99.96208953857422
2022-12-05,99.00665283203125
2022-12-06,96.51854705810547
2022-12-07,94.48825073242188
2022-12-08,93.26410675048828
2022-12-09,92.3883056640625
2022-12-12,92.86600494384766
2022-12-13,95.17497253417969
2022-12-14,94.61764526367188
2022-12-15,90.42767333984375
2022-12-16,89.83052825927734
2022-12-19,88.0191879272461
2022-12-20,88.59642791748047
2022-12-21,89.15375518798828
2022-12-22,87.34242248535156
2022-12-23,88.80542755126953
2022-12-27,86.97418212890625
2022-12-28,85.61070251464844
2022-12-29,88.02912902832031
2022-12-30,87.8101806640625
2023-01-03,88.69595336914062
2023-01-04,87.66090393066406
2023-01-05,85.78984069824219
2023-01-06,86.92440795898438
2023-01-09,87.60118103027344
2023-01-10,87.99928283691406
2023-01-11,91.08452606201172
2023-01-12,90.69638061523438
2023-01-13,91.68167877197266
2023-01-17,90.85562133789062
2023-01-18,90.68643951416016
2023-01-19,92.60725402832031
2023-01-20,97.55359649658203
2023-01-23,99.315185546875
2023-01-24,97.23511505126953
2023-01-25,94.76692199707031
2023-01-26,97.05596923828125
2023-01-27,98.89718627929688
2023-01-30,96.4787368774414
2023-01-31,98.36969757080078
2023-02-01,99.95213317871094
2023-02-02,107.22734832763672
2023-02-03,104.28143310546875
2023-02-06,102.41038513183594
2023-02-07,107.12782287597656
2023-02-08,98.89718627929688
2023-02-09,94.55792999267578
2023-02-10,94.1200180053711
2023-02-13,94.15982818603516
2023-02-14,94.2294921875
2023-02-15,96.4787368774414
2023-02-16,95.0555419921875
2023-02-17,93.90106201171875
2023-02-21,91.3532485961914
2023-02-22,91.21391296386719
2023-02-23,90.45752716064453
2023-02-24,88.70590209960938
2023-02-27,89.4423828125
2023-02-28,89.63147735595703
2023-03-01,89.9300537109375
2023-03-02,91.56224822998047
2023-03-03,93.20439147949219
2023-03-06,94.67735290527344
2023-03-07,93.41339874267578
2023-03-08,93.8015365600586
2023-03-09,91.88072204589844
2023-03-10,90.1987533569336
2023-03-13,90.67648315429688
2023-03-14,93.52287292480469
2023-03-15,95.6526870727539
2023-03-16,99.84265899658203
2023-03-17,101.13646697998047
2023-03-20,100.7383804321289
2023-03-21,104.42076873779297
2023-03-22,102.87814331054688
2023-03-23,105.0975341796875
2023-03-24,104.93830108642578
2023-03-27,101.97247314453125
2023-03-28,100.54928588867188
2023-03-29,100.9075698852539
2023-03-30,100.40995025634766
2023-03-31,103.23643493652344
2023-04-03,103.86343383789062
2023-04-04,104.22172546386719
2023-04-05,103.97290802001953
2023-04-06,107.90412139892578
2023-04-10,105.93354034423828
2023-04-11,104.84871673583984
2023-04-12,104.14210510253906
2023-04-13,106.91883087158203
2023-04-14,108.35197448730469
2023-04-17,105.46577453613281
2023-04-18,104.00276947021484
2023-04-19,103.68428802490234
2023-04-20,104.78900909423828
2023-04-21,104.90843963623047
2023-04-24,105.46577453613281
2023-04-25,103.3558578491211
2023-04-26,103.21652221679688
2023-04-27,107.07806396484375
2023-04-28,106.82925415039062
2023-05-01,106.6899185180664
2023-05-02,104.81886291503906
2023-05-03,104.90843963623047
2023-05-04,104.19186401367188
2023-05-05,105.06767272949219
2023-05-08,107.2572021484375
2023-05-09,106.8392105102539
2023-05-10,111.21827697753906
2023-05-11,116.01533508300781
2023-05-12,116.95086669921875
2023-05-15,115.95562744140625
2023-05-16,118.94135284423828
2023-05-17,120.26502227783203
2023-05-18,122.24554443359375
2023-05-19,122.17588806152344
2023-05-22,124.45498657226562
2023-05-23,121.97683715820312
2023-05-24,120.32473754882812
2023-05-25,122.89246368408203
2023-05-26,124.01708221435547
2023-05-30,123.08155059814453
2023-05-31,122.28535461425781
2023-06-01,123.13130950927734
2023-06-02,124.07678985595703
2023-06-05,125.4104232788086
2023-06-06,126.70423126220703
2023-06-07,121.91712188720703
2023-06-08,121.558837890625
2023-06-09,121.64840698242188
2023-06-12,123.05168914794922
2023-06-13,123.24079132080078
2023-06-14,123.08155059814453
2023-06-15,124.49478912353516
2023-06-16,122.94221496582031
2023-06-20,122.51426696777344
2023-06-21,119.97639465332031
2023-06-22,122.56402587890625
2023-06-23,121.75788116455078
2023-06-26,117.77691650390625
2023-06-27,117.7669677734375
2023-06-28,119.60816192626953
2023-06-29,118.53329467773438
2023-06-30,119.13043975830078
2023-07-03,119.3294906616211
2023-07-05,121.17069244384766
2023-07-06,119.53848266601562
2023-07-07,118.91149139404297
2023-07-10,115.89590454101562
2023-07-11,116.5826187133789
2023-07-12,118.36410522460938
2023-07-13,123.94741821289062
2023-07-14,124.82322692871094
2023-07-17,124.05689239501953
2023-07-18,123.1711196899414
2023-07-19,121.44935607910156
2023-07-20,118.63282012939453
2023-07-21,119.44892120361328
2023-07-24,120.95173645019531
2023-07-25,121.62850189208984
2023-07-26,128.6549072265625
2023-07-27,128.78428649902344
2023-07-28,131.94915771484375
2023-07-31,132.0885009765625
2023-08-01,130.92405700683594
2023-08-02,127.76914978027344
2023-08-03,127.83879089355469
2023-08-04,127.50042724609375
2023-08-07,130.90414428710938
2023-08-08,130.77476501464844
2023-08-09,129.04306030273438
2023-08-10,129.07290649414062
2023-08-11,128.9435272216797
2023-08-14,130.70509338378906
2023-08-15,129.16249084472656
2023-08-16,128.08761596679688
2023-08-17,129.3018035888672
2023-08-18,126.85352325439453
2023-08-21,127.75917053222656
2023-08-22,128.4658203125
2023-08-23,131.74014282226562
2023-08-24,129.16249084472656
2023-08-25,129.26199340820312
2023-08-28,130.38661193847656
2023-08-29,133.92970275878906
2023-08-30,135.23345947265625
2023-08-31,135.52206420898438
2023-09-01,135.01451110839844
2023-09-05,135.1239776611328
2023-09-06,133.82022094726562
2023-09-07,134.6164093017578
2023-09-08,135.7310791015625
2023-09-11,136.2685089111328
2023-09-12,134.69602966308594
2023-09-13,136.0595245361328
2023-09-14,137.44288635253906
2023-09-15,136.7462158203125
2023-09-18,137.55238342285156
2023-09-19,137.3831787109375
2023-09-20,133.10365295410156
2023-09-21,129.8193359375
2023-09-22,129.6302490234375
2023-09-25,130.48614501953125
2023-09-26,127.95823669433594
2023-09-27,129.9188690185547
2023-09-28,131.68045043945312
2023-09-29,130.2373504638672
2023-10-02,133.53160095214844
2023-10-03,131.7998809814453
2023-10-04,134.5965118408203
2023-10-05,134.42730712890625
2023-10-06,136.92535400390625
2023-10-09,137.76136779785156
2023-10-10,137.403076171875
2023-10-11,139.88125610351562
2023-10-12,138.3087615966797
2023-10-13,136.7064208984375
2023-10-16,138.43812561035156
2023-10-17,139.05519104003906
2023-10-18,137.30355834960938
2023-10-19,137.09457397460938
2023-10-20,134.9547882080078
2023-10-23,135.85049438476562
2023-10-24,138.14952087402344
2023-10-25,125.01232147216797
2023-10-26,121.69817352294922
2023-10-27,121.58869171142578
2023-10-30,123.8677978515625
2023-10-31,123.48960876464844
2023-11-01,125.84832000732422
2023-11-02,126.88337707519531
2023-11-03,128.48573303222656
2023-11-06,129.6302490234375
2023-11-07,130.34681701660156
2023-11-08,131.21267700195312
2023-11-09,129.6202850341797
2023-11-10,131.95912170410156
2023-11-13,131.4614715576172
2023-11-14,132.9842071533203
2023-11-15,133.97946166992188
2023-11-16,136.2784423828125
2023-11-17,134.66616821289062
2023-11-20,135.6016845703125
2023-11-21,136.31825256347656
2023-11-22,137.83103942871094
2023-11-24,136.0395965576172
2023-11-27,135.76092529296875
2023-11-28,136.54718017578125
2023-11-29,134.34768676757812
2023-11-30,131.89938354492188
2023-12-01,131.2325897216797
2023-12-04,128.6549072265625
2023-12-05,130.36672973632812
2023-12-06,129.40135192871094
2023-12-07,136.2784423828125
2023-12-08,134.34768676757812
2023-12-11,132.65576171875
2023-12-12,131.8894500732422
2023-12-13,131.939208984375
2023-12-14,131.3122100830078
2023-12-15,131.9690704345703
2023-12-18,135.15383911132812
2023-12-19,135.99977111816406
2023-12-20,137.68173217773438
2023-12-21,139.75184631347656
2023-12-22,140.81675720214844
2023-12-26,140.84661865234375
2023-12-27,139.70208740234375
2023-12-28,139.56275939941406
2023-12-29,139.02532958984375
2024-01-02,137.51255798339844
2024-01-03,138.2589874267578
2024-01-04,135.7410430908203
2024-01-05,135.08416748046875
2024-01-08,138.1793670654297
2024-01-09,140.2793426513672
2024-01-10,141.60299682617188
2024-01-11,141.40396118164062
2024-01-12,141.9712371826172
2024-01-16,141.81201171875
2024-01-17,140.796875
2024-01-18,142.79730224609375
2024-01-19,145.68350219726562
2024-01-22,145.29534912109375
2024-01-23,146.34034729003906
2024-01-24,147.99244689941406
2024-01-25,151.14735412597656
2024-01-26,151.46585083007812
2024-01-29,152.77955627441406
2024-01-30,150.7393341064453
2024-01-31,139.43338012695312
2024-02-01,140.48834228515625
2024-02-02,141.70252990722656
2024-02-05,142.99635314941406
2024-02-06,143.41433715820312
2024-02-07,144.8474884033203
2024-02-08,145.21572875976562
2024-02-09,148.29104614257812
2024-02-12,146.82801818847656
2024-02-13,144.4493865966797
2024-02-14,145.24559020996094
2024-02-15,142.09068298339844
2024-02-16,139.85137939453125
2024-02-20,140.44851684570312
2024-02-21,141.87173461914062
2024-02-22,143.40438842773438
2024-02-23,143.2750244140625
2024-02-26,136.9154052734375
2024-02-27,138.2191925048828
2024-02-28,135.7310791015625
2024-02-29,137.80117797851562
2024-03-01,136.48745727539062
2024-03-04,132.7154998779297
2024-03-05,132.0387420654297
2024-03-06,130.77476501464844
2024-03-07,133.7406005859375
2024-03-08,134.7657012939453
2024-03-11,137.01495361328125
2024-03-12,137.8409881591797
2024-03-13,139.12484741210938
2024-03-14,142.41909790039062
2024-03-15,140.50823974609375
2024-03-18,146.97731018066406
2024-03-19,146.3303985595703
2024-03-20,148.03225708007812
2024-03-21,146.897705078125
2024-03-22,150.0526123046875
2024-03-25,149.35594177246094
2024-03-26,149.9530792236328
2024-03-27,150.15211486816406
2024-03-28,150.2118377685547
2024-04-01,154.75015258789062
2024-04-02,153.82455444335938
2024-04-03,154.18284606933594
2024-04-04,149.81375122070312
2024-04-05,151.7743682861328
2024-04-08,154.11322021484375
2024-04-09,155.85487365722656
2024-04-10,155.39706420898438
2024-04-11,158.65151977539062
2024-04-12,156.9794921875
2024-04-15,154.12315368652344
2024-04-16,153.66531372070312
2024-04-17,154.73023986816406
2024-04-18,155.26766967773438
2024-04-19,153.3568115234375
2024-04-22,155.536376953125
2024-04-23,157.5069580078125
2024-04-24,158.3728485107422
2024-04-25,155.25772094726562
2024-04-26,171.1318359375
2024-04-29,165.3594207763672
2024-04-30,162.00546264648438
2024-05-01,163.080322265625
2024-05-02,165.82717895507812
2024-05-03,166.44424438476562
2024-05-06,167.30015563964844
2024-05-07,170.43515014648438
2024-05-08,168.57406616210938
2024-05-09,169.1512908935547
2024-05-10,167.84751892089844
2024-05-13,168.335205078125
2024-05-14,169.5294952392578
2024-05-15,171.6891632080078
2024-05-16,173.35121154785156
2024-05-17,175.22227478027344
2024-05-20,176.07818603515625
2024-05-21,177.00375366210938
2024-05-22,175.54074096679688
2024-05-23,172.72422790527344
2024-05-24,174.15737915039062
2024-05-28,175.56065368652344
2024-05-29,175.06301879882812
2024-05-30,171.29107666015625
2024-05-31,171.67919921875
2024-06-03,172.3460235595703
2024-06-04,172.96307373046875
2024-06-05,174.5753631591797
2024-06-06,175.88906860351562
2024-06-07,173.62989807128906
2024-06-10,174.37716674804688
2024-06-11,175.98133850097656
2024-06-12,177.14710998535156
2024-06-13,174.52662658691406
2024-06-14,176.1507110595703
2024-06-17,176.59910583496094
2024-06-18,174.45687866210938
2024-06-20,175.66250610351562
2024-06-21,178.98048400878906
2024-06-24,178.5719451904297
2024-06-25,183.3645477294922
2024-06-26,183.21510314941406
2024-06-27,184.73956298828125
2024-06-28,181.49134826660156
2024-07-01,182.3283233642578
2024-07-02,184.57017517089844
2024-07-03,185.14808654785156
2024-07-05,189.9108123779297
2024-07-08,188.34646606445312
2024-07-09,188.29666137695312
2024-07-10,190.4886932373047
2024-07-11,184.89898681640625
2024-07-12,184.4008026123047
2024-07-15,185.8555145263672
2024-07-16,183.2549591064453
2024-07-17,180.36544799804688
2024-07-18,177.0474853515625
2024-07-19,177.01759338378906
2024-07-22,181.01307678222656
2024-07-23,181.1326446533203
2024-07-24,172.0057830810547
2024-07-25,166.67510986328125
2024-07-26,166.3961181640625
2024-07-29,168.9169921875
2024-07-30,169.6742401123047
2024-07-31,170.91970825195312
2024-08-01,170.1425323486328
2024-08-02,166.057373046875
2024-08-05,158.67416381835938
2024-08-06,157.71762084960938
2024-08-07,158.36526489257812
2024-08-08,161.44410705566406
2024-08-09,163.0781707763672
2024-08-12,161.70315551757812
2024-08-13,163.56640625
2024-08-14,159.79010009765625
2024-08-15,160.7167510986328
2024-08-16,162.37074279785156
2024-08-19,166.06732177734375
2024-08-20,166.5754852294922
2024-08-21,165.2502899169922
2024-08-22,163.20770263671875
2024-08-23,165.02110290527344
2024-08-26,165.55917358398438
2024-08-27,164.0845184326172
2024-08-28,162.2611541748047
2024-08-29,161.19500732421875
2024-08-30,162.7892303466797
2024-09-03,156.79100036621094
2024-09-04,155.88429260253906
2024-09-05,156.6714324951172
2024-09-06,150.374267578125
2024-09-09,148.368896484375
2024-09-10,148.31900024414062
2024-09-11,150.8132781982422
2024-09-12,154.33517456054688
2024-09-13,157.09881591796875
2024-09-16,157.6974334716797
2024-09-17,158.95455932617188
2024-09-18,159.44342041015625
2024-09-19,161.76808166503906
2024-09-20,163.21475219726562
2024-09-23,161.47874450683594
2024-09-24,161.917724609375
2024-09-25,161.11956787109375
2024-09-26,162.35671997070312
2024-09-27,163.5739288330078
2024-09-30,165.46957397460938
2024-10-01,166.60696411132812
2024-10-02,165.47955322265625
2024-10-03,165.47955322265625
2024-10-04,166.67678833007812
2024-10-07,162.6061553955078
2024-10-08,164.00294494628906
2024-10-09,161.4887237548828
2024-10-10,161.70822143554688
2024-10-11,162.8655548095703
2024-10-14,164.5816192626953
2024-10-15,165.08047485351562
2024-10-16,164.78114318847656
2024-10-17,162.55625915527344
2024-10-18,163.04515075683594
2024-10-21,163.69366455078125
2024-10-22,164.76119995117188
2024-10-23,162.4066162109375
2024-10-24,162.34674072265625
2024-10-25,164.89089965820312
2024-10-28,166.3375701904297
2024-10-29,169.29078674316406
2024-10-30,174.059814453125
2024-10-31,170.71751403808594
2024-11-01,170.89707946777344
2024-11-04,168.851806640625
2024-11-05,169.35064697265625
2024-11-06,176.10511779785156
2024-11-07,180.33538818359375
2024-11-08,177.94090270996094
2024-11-11,179.93630981445312
2024-11-12,181.20339965820312
2024-11-13,178.4696807861328
2024-11-14,175.17726135253906
2024-11-15,172.09434509277344
2024-11-18,174.8979034423828
2024-11-19,177.71141052246094
2024-11-20,175.5763397216797
2024-11-21,167.2454833984375
2024-11-22,164.38206481933594
2024-11-25,167.26544189453125
2024-11-26,168.73207092285156
2024-11-27,168.84181213378906
2024-11-29,168.5624542236328
2024-12-02,171.0966339111328
2024-12-03,170.9469757080078
2024-12-04,173.9700164794922
2024-12-05,172.24400329589844
2024-12-06,174.30926513671875
2024-12-09,175.1682586669922
2024-12-10,184.9569854736328
2024-12-11,195.1752166748047
2024-12-12,191.7391815185547
2024-12-13,189.6016387939453
2024-12-16,196.43377685546875
2024-12-17,195.1951904296875
2024-12-18,188.18325805664062
2024-12-19,188.2931365966797
2024-12-20,191.18980407714844
2024-12-23,194.40611267089844
2024-12-24,195.8843994140625
2024-12-26,195.375
2024-12-27,192.5382537841797
